SET session_replication_role = replica;

--
-- PostgreSQL database dump
--

-- \restrict h9qo0T6jVfdVG1ExyyXzmZ9ZWHuebgNZvyEp1BzdkMJ2bdqR0vzgebUUZDnShvf

-- Dumped from database version 17.6
-- Dumped by pg_dump version 17.6

SET statement_timeout = 0;
SET lock_timeout = 0;
SET idle_in_transaction_session_timeout = 0;
SET transaction_timeout = 0;
SET client_encoding = 'UTF8';
SET standard_conforming_strings = on;
SELECT pg_catalog.set_config('search_path', '', false);
SET check_function_bodies = false;
SET xmloption = content;
SET client_min_messages = warning;
SET row_security = off;

--
-- Data for Name: audit_log_entries; Type: TABLE DATA; Schema: auth; Owner: supabase_auth_admin
--

COPY "auth"."audit_log_entries" ("instance_id", "id", "payload", "created_at", "ip_address") FROM stdin;
\.


--
-- Data for Name: flow_state; Type: TABLE DATA; Schema: auth; Owner: supabase_auth_admin
--

COPY "auth"."flow_state" ("id", "user_id", "auth_code", "code_challenge_method", "code_challenge", "provider_type", "provider_access_token", "provider_refresh_token", "created_at", "updated_at", "authentication_method", "auth_code_issued_at") FROM stdin;
\.


--
-- Data for Name: users; Type: TABLE DATA; Schema: auth; Owner: supabase_auth_admin
--

COPY "auth"."users" ("instance_id", "id", "aud", "role", "email", "encrypted_password", "email_confirmed_at", "invited_at", "confirmation_token", "confirmation_sent_at", "recovery_token", "recovery_sent_at", "email_change_token_new", "email_change", "email_change_sent_at", "last_sign_in_at", "raw_app_meta_data", "raw_user_meta_data", "is_super_admin", "created_at", "updated_at", "phone", "phone_confirmed_at", "phone_change", "phone_change_token", "phone_change_sent_at", "email_change_token_current", "email_change_confirm_status", "banned_until", "reauthentication_token", "reauthentication_sent_at", "is_sso_user", "deleted_at", "is_anonymous") FROM stdin;
00000000-0000-0000-0000-000000000000	1123e807-3ddc-4f5b-b601-8ee9f138ae13	authenticated	authenticated	collinsentrepreneur@gmail.com	$2a$10$eHaOrgH3ngev85XKefzr4uK6f1kPoOAKfuTKsn/.ikTq9qXWUH0Li	2025-12-09 22:15:41.057727+00	\N		2025-12-09 22:15:30.900451+00		\N			\N	2025-12-10 14:49:23.622419+00	{"provider": "email", "providers": ["email"]}	{"sub": "1123e807-3ddc-4f5b-b601-8ee9f138ae13", "email": "collinsentrepreneur@gmail.com", "email_verified": true, "phone_verified": false}	\N	2025-12-09 22:15:30.895414+00	2025-12-10 17:55:07.405237+00	\N	\N			\N		0	\N		\N	f	\N	f
00000000-0000-0000-0000-000000000000	441485d7-961d-4545-b137-3c4518d5852b	authenticated	authenticated	collinsnesh04@gmail.com	$2a$10$2ypnPTqSoFtSkj6M5lRbM.wTRP.Wkx2pTXhc5Th9PIyJuWV1lGtjS	2025-12-10 00:02:14.670864+00	\N		\N		\N			\N	2025-12-10 00:20:04.573328+00	{"provider": "email", "providers": ["email"]}	{"email_verified": true}	\N	2025-12-10 00:02:14.632012+00	2025-12-10 00:20:04.576023+00	\N	\N			\N		0	\N		\N	f	\N	f
00000000-0000-0000-0000-000000000000	3d684228-c711-47bf-b6bd-f9d3c81a6b8b	authenticated	authenticated	dev-collins@outlook.com	$2a$10$yw4.BSdVTxOinFVuDShOCu0KmK88/s9sMGS9XShp7r.pyxxp6GThq	2025-12-09 22:57:52.083126+00	\N		\N		\N			\N	2025-12-10 14:48:37.607086+00	{"provider": "email", "providers": ["email"]}	{"email_verified": true}	\N	2025-12-09 22:57:52.057615+00	2025-12-10 14:48:37.61953+00	\N	\N			\N		0	\N		\N	f	\N	f
\.


--
-- Data for Name: identities; Type: TABLE DATA; Schema: auth; Owner: supabase_auth_admin
--

COPY "auth"."identities" ("provider_id", "user_id", "identity_data", "provider", "last_sign_in_at", "created_at", "updated_at", "id") FROM stdin;
1123e807-3ddc-4f5b-b601-8ee9f138ae13	1123e807-3ddc-4f5b-b601-8ee9f138ae13	{"sub": "1123e807-3ddc-4f5b-b601-8ee9f138ae13", "email": "collinsentrepreneur@gmail.com", "email_verified": true, "phone_verified": false}	email	2025-12-09 22:15:30.898358+00	2025-12-09 22:15:30.898405+00	2025-12-09 22:15:30.898405+00	8375c1a5-50c9-4ac5-b0f2-b1742238628c
3d684228-c711-47bf-b6bd-f9d3c81a6b8b	3d684228-c711-47bf-b6bd-f9d3c81a6b8b	{"sub": "3d684228-c711-47bf-b6bd-f9d3c81a6b8b", "email": "dev-collins@outlook.com", "email_verified": false, "phone_verified": false}	email	2025-12-09 22:57:52.0719+00	2025-12-09 22:57:52.071961+00	2025-12-09 22:57:52.071961+00	4960f133-6e6b-472f-afad-264baf185500
441485d7-961d-4545-b137-3c4518d5852b	441485d7-961d-4545-b137-3c4518d5852b	{"sub": "441485d7-961d-4545-b137-3c4518d5852b", "email": "collinsnesh04@gmail.com", "email_verified": false, "phone_verified": false}	email	2025-12-10 00:02:14.66085+00	2025-12-10 00:02:14.660914+00	2025-12-10 00:02:14.660914+00	3a47db4f-2eab-466a-afcd-d35e312817b9
\.


--
-- Data for Name: instances; Type: TABLE DATA; Schema: auth; Owner: supabase_auth_admin
--

COPY "auth"."instances" ("id", "uuid", "raw_base_config", "created_at", "updated_at") FROM stdin;
\.


--
-- Data for Name: oauth_clients; Type: TABLE DATA; Schema: auth; Owner: supabase_auth_admin
--

COPY "auth"."oauth_clients" ("id", "client_secret_hash", "registration_type", "redirect_uris", "grant_types", "client_name", "client_uri", "logo_uri", "created_at", "updated_at", "deleted_at", "client_type") FROM stdin;
\.


--
-- Data for Name: sessions; Type: TABLE DATA; Schema: auth; Owner: supabase_auth_admin
--

COPY "auth"."sessions" ("id", "user_id", "created_at", "updated_at", "factor_id", "aal", "not_after", "refreshed_at", "user_agent", "ip", "tag", "oauth_client_id", "refresh_token_hmac_key", "refresh_token_counter", "scopes") FROM stdin;
5d4b2fa0-8b86-4501-aa76-7091b02b6da7	441485d7-961d-4545-b137-3c4518d5852b	2025-12-10 00:20:04.573419+00	2025-12-10 00:20:04.573419+00	\N	aal1	\N	\N	node	197.248.227.183	\N	\N	\N	\N	\N
6ef77502-6086-4bcd-9816-b98d0b296859	1123e807-3ddc-4f5b-b601-8ee9f138ae13	2025-12-10 14:49:23.622529+00	2025-12-10 17:55:07.4175+00	\N	aal1	\N	2025-12-10 17:55:07.4174	node	197.248.227.183	\N	\N	\N	\N	\N
\.


--
-- Data for Name: mfa_amr_claims; Type: TABLE DATA; Schema: auth; Owner: supabase_auth_admin
--

COPY "auth"."mfa_amr_claims" ("session_id", "created_at", "updated_at", "authentication_method", "id") FROM stdin;
5d4b2fa0-8b86-4501-aa76-7091b02b6da7	2025-12-10 00:20:04.576332+00	2025-12-10 00:20:04.576332+00	password	955400ee-62e7-4cfe-b449-78c6a322edf0
6ef77502-6086-4bcd-9816-b98d0b296859	2025-12-10 14:49:23.62955+00	2025-12-10 14:49:23.62955+00	password	2103d78b-1408-437e-bd2b-b2713d39f36b
\.


--
-- Data for Name: mfa_factors; Type: TABLE DATA; Schema: auth; Owner: supabase_auth_admin
--

COPY "auth"."mfa_factors" ("id", "user_id", "friendly_name", "factor_type", "status", "created_at", "updated_at", "secret", "phone", "last_challenged_at", "web_authn_credential", "web_authn_aaguid", "last_webauthn_challenge_data") FROM stdin;
\.


--
-- Data for Name: mfa_challenges; Type: TABLE DATA; Schema: auth; Owner: supabase_auth_admin
--

COPY "auth"."mfa_challenges" ("id", "factor_id", "created_at", "verified_at", "ip_address", "otp_code", "web_authn_session_data") FROM stdin;
\.


--
-- Data for Name: oauth_authorizations; Type: TABLE DATA; Schema: auth; Owner: supabase_auth_admin
--

COPY "auth"."oauth_authorizations" ("id", "authorization_id", "client_id", "user_id", "redirect_uri", "scope", "state", "resource", "code_challenge", "code_challenge_method", "response_type", "status", "authorization_code", "created_at", "expires_at", "approved_at", "nonce") FROM stdin;
\.


--
-- Data for Name: oauth_client_states; Type: TABLE DATA; Schema: auth; Owner: supabase_auth_admin
--

COPY "auth"."oauth_client_states" ("id", "provider_type", "code_verifier", "created_at") FROM stdin;
\.


--
-- Data for Name: oauth_consents; Type: TABLE DATA; Schema: auth; Owner: supabase_auth_admin
--

COPY "auth"."oauth_consents" ("id", "user_id", "client_id", "scopes", "granted_at", "revoked_at") FROM stdin;
\.


--
-- Data for Name: one_time_tokens; Type: TABLE DATA; Schema: auth; Owner: supabase_auth_admin
--

COPY "auth"."one_time_tokens" ("id", "user_id", "token_type", "token_hash", "relates_to", "created_at", "updated_at") FROM stdin;
\.


--
-- Data for Name: refresh_tokens; Type: TABLE DATA; Schema: auth; Owner: supabase_auth_admin
--

COPY "auth"."refresh_tokens" ("instance_id", "id", "token", "user_id", "revoked", "created_at", "updated_at", "parent", "session_id") FROM stdin;
00000000-0000-0000-0000-000000000000	21	2nvditlvwkop	441485d7-961d-4545-b137-3c4518d5852b	f	2025-12-10 00:20:04.574413+00	2025-12-10 00:20:04.574413+00	\N	5d4b2fa0-8b86-4501-aa76-7091b02b6da7
00000000-0000-0000-0000-000000000000	31	lgthxka5u3vu	1123e807-3ddc-4f5b-b601-8ee9f138ae13	t	2025-12-10 14:49:23.623573+00	2025-12-10 17:55:07.356206+00	\N	6ef77502-6086-4bcd-9816-b98d0b296859
00000000-0000-0000-0000-000000000000	32	w4gost5jx2jm	1123e807-3ddc-4f5b-b601-8ee9f138ae13	f	2025-12-10 17:55:07.386902+00	2025-12-10 17:55:07.386902+00	lgthxka5u3vu	6ef77502-6086-4bcd-9816-b98d0b296859
\.


--
-- Data for Name: sso_providers; Type: TABLE DATA; Schema: auth; Owner: supabase_auth_admin
--

COPY "auth"."sso_providers" ("id", "resource_id", "created_at", "updated_at", "disabled") FROM stdin;
\.


--
-- Data for Name: saml_providers; Type: TABLE DATA; Schema: auth; Owner: supabase_auth_admin
--

COPY "auth"."saml_providers" ("id", "sso_provider_id", "entity_id", "metadata_xml", "metadata_url", "attribute_mapping", "created_at", "updated_at", "name_id_format") FROM stdin;
\.


--
-- Data for Name: saml_relay_states; Type: TABLE DATA; Schema: auth; Owner: supabase_auth_admin
--

COPY "auth"."saml_relay_states" ("id", "sso_provider_id", "request_id", "for_email", "redirect_to", "created_at", "updated_at", "flow_state_id") FROM stdin;
\.


--
-- Data for Name: sso_domains; Type: TABLE DATA; Schema: auth; Owner: supabase_auth_admin
--

COPY "auth"."sso_domains" ("id", "sso_provider_id", "domain", "created_at", "updated_at") FROM stdin;
\.


--
-- Data for Name: profiles; Type: TABLE DATA; Schema: public; Owner: postgres
--

COPY "public"."profiles" ("id", "first_name", "middle_name", "last_name", "email", "phone", "avatar_url", "residence", "id_number", "created_at", "updated_at") FROM stdin;
3d684228-c711-47bf-b6bd-f9d3c81a6b8b	\N	\N	\N	dev-collins@outlook.com	\N	\N	\N	\N	2025-12-09 22:57:52.465837+00	2025-12-09 22:57:52.465837+00
441485d7-961d-4545-b137-3c4518d5852b	ffdgwgwreg	\N	fggweg	collinsnesh04@gmail.com	+254733949120	https://dyppfsczgscdlpjfrjxq.supabase.co/storage/v1/object/public/user-profile-photos/profiles/441485d7-961d-4545-b137-3c4518d5852b/1765326216555-Screenshot%202025-11-21%20at%2009.32.02.png	\N	556433455	2025-12-10 00:02:15.037886+00	2025-12-10 00:23:39.770933+00
1123e807-3ddc-4f5b-b601-8ee9f138ae13	\N	\N	\N	collinsentrepreneur@gmail.com	\N	https://dyppfsczgscdlpjfrjxq.supabase.co/storage/v1/object/public/user-profile-photos/profiles/1123e807-3ddc-4f5b-b601-8ee9f138ae13/1765327681913-photo_2025-12-04_05-21-21.jpg	\N	\N	2025-12-09 22:15:32.566884+00	2025-12-10 00:48:04.315964+00
\.


--
-- Data for Name: chamas; Type: TABLE DATA; Schema: public; Owner: postgres
--

COPY "public"."chamas" ("id", "name", "description", "created_by", "created_at", "updated_at", "profile_picture_url") FROM stdin;
b67d3479-8cb0-4a7c-ac72-8c9086769cfb	Masters chama	mMasters chamaMasters chamaMasters chamaMasters chamaMasters chamaMasters chama	1123e807-3ddc-4f5b-b601-8ee9f138ae13	2025-12-09 22:53:22.707245+00	2025-12-09 22:53:22.707245+00	https://dyppfsczgscdlpjfrjxq.supabase.co/storage/v1/object/public/chama-profile-pictures/chamas/Masters%20chama/1765320799982-photo_2025-12-04_05-21-25.jpg
5e0835fe-ef7c-4932-a76f-f515840ff7ef	cedar	ko;jjkl;	1123e807-3ddc-4f5b-b601-8ee9f138ae13	2025-12-10 14:16:12.174717+00	2025-12-10 14:16:12.174717+00	https://dyppfsczgscdlpjfrjxq.supabase.co/storage/v1/object/public/chama-profile-pictures/chamas/cedar/1765376168523-Screenshot%202025-11-21%20at%2009.32.02.png
\.


--
-- Data for Name: chama_profiles; Type: TABLE DATA; Schema: public; Owner: postgres
--

COPY "public"."chama_profiles" ("id", "chama_id", "profile_id", "role", "created_at", "updated_at") FROM stdin;
3b1f4b2e-25ae-415e-82f2-e125aed86313	b67d3479-8cb0-4a7c-ac72-8c9086769cfb	1123e807-3ddc-4f5b-b601-8ee9f138ae13	admin	2025-12-09 22:53:23.717121+00	2025-12-09 22:53:23.717121+00
0bc6fb57-1e42-40ae-af9e-f3e81695437d	b67d3479-8cb0-4a7c-ac72-8c9086769cfb	3d684228-c711-47bf-b6bd-f9d3c81a6b8b	member	2025-12-09 22:57:53.030306+00	2025-12-09 22:57:53.030306+00
26181be5-417e-4023-8442-27ac46ec9d93	b67d3479-8cb0-4a7c-ac72-8c9086769cfb	441485d7-961d-4545-b137-3c4518d5852b	member	2025-12-10 00:02:15.561325+00	2025-12-10 00:02:15.561325+00
0d37dd3f-69d5-48c8-a8bb-42c52fad80b6	5e0835fe-ef7c-4932-a76f-f515840ff7ef	1123e807-3ddc-4f5b-b601-8ee9f138ae13	admin	2025-12-10 14:16:13.263616+00	2025-12-10 14:16:13.263616+00
f95649a7-2900-4b73-b9e6-02254340c463	5e0835fe-ef7c-4932-a76f-f515840ff7ef	3d684228-c711-47bf-b6bd-f9d3c81a6b8b	member	2025-12-10 14:18:55.301196+00	2025-12-10 14:18:55.301196+00
\.


--
-- Data for Name: ai_conversations; Type: TABLE DATA; Schema: public; Owner: postgres
--

COPY "public"."ai_conversations" ("id", "created_at", "updated_at", "chama_id", "initiator_id") FROM stdin;
c3d95961-c658-4ccd-8175-8f06bb0e773a	2025-12-09 23:04:59.004631+00	2025-12-09 23:04:59.004631+00	b67d3479-8cb0-4a7c-ac72-8c9086769cfb	3b1f4b2e-25ae-415e-82f2-e125aed86313
dc9aad36-e5d7-4cf1-aea3-94c740d528ce	2025-12-09 23:07:15.413379+00	2025-12-09 23:07:15.413379+00	b67d3479-8cb0-4a7c-ac72-8c9086769cfb	3b1f4b2e-25ae-415e-82f2-e125aed86313
ea5bf085-bf50-4121-bd19-144b2ddbe929	2025-12-09 23:12:48.4793+00	2025-12-09 23:12:48.4793+00	b67d3479-8cb0-4a7c-ac72-8c9086769cfb	3b1f4b2e-25ae-415e-82f2-e125aed86313
9c127b07-767f-4828-bb00-5e828253c09e	2025-12-09 23:32:41.327311+00	2025-12-09 23:32:41.327311+00	b67d3479-8cb0-4a7c-ac72-8c9086769cfb	3b1f4b2e-25ae-415e-82f2-e125aed86313
7c9464cf-3a08-4da5-af56-ca44ae08996b	2025-12-09 23:37:14.731277+00	2025-12-09 23:37:14.731277+00	b67d3479-8cb0-4a7c-ac72-8c9086769cfb	3b1f4b2e-25ae-415e-82f2-e125aed86313
7c312f65-8616-4202-98d5-b212f94ffe77	2025-12-09 23:40:30.10483+00	2025-12-09 23:40:30.10483+00	b67d3479-8cb0-4a7c-ac72-8c9086769cfb	3b1f4b2e-25ae-415e-82f2-e125aed86313
c7713ede-92de-4886-93b2-45ee34b538e7	2025-12-09 23:44:57.362078+00	2025-12-09 23:44:57.362078+00	b67d3479-8cb0-4a7c-ac72-8c9086769cfb	3b1f4b2e-25ae-415e-82f2-e125aed86313
45f96dab-aa41-4eff-bc6b-f98a13a33a35	2025-12-09 23:49:34.918333+00	2025-12-09 23:49:34.918333+00	b67d3479-8cb0-4a7c-ac72-8c9086769cfb	3b1f4b2e-25ae-415e-82f2-e125aed86313
5feffd93-4a60-4050-a6c2-94884b6ed4b2	2025-12-10 00:30:57.558175+00	2025-12-10 00:30:57.558175+00	b67d3479-8cb0-4a7c-ac72-8c9086769cfb	26181be5-417e-4023-8442-27ac46ec9d93
2f7bab77-9b76-4e7d-811a-eb6507f240d5	2025-12-10 00:44:20.228056+00	2025-12-10 00:44:20.228056+00	b67d3479-8cb0-4a7c-ac72-8c9086769cfb	3b1f4b2e-25ae-415e-82f2-e125aed86313
9f85c39a-acd2-451d-928a-d8ca52e54cfb	2025-12-10 00:58:17.066+00	2025-12-10 00:58:17.066+00	b67d3479-8cb0-4a7c-ac72-8c9086769cfb	3b1f4b2e-25ae-415e-82f2-e125aed86313
5844d3b7-7d73-4cb5-9b77-48b4e81c7558	2025-12-10 11:57:37.86513+00	2025-12-10 11:57:37.86513+00	b67d3479-8cb0-4a7c-ac72-8c9086769cfb	3b1f4b2e-25ae-415e-82f2-e125aed86313
afaa86c7-246b-4109-96ba-b76803044939	2025-12-10 14:52:52.969833+00	2025-12-10 14:52:52.969833+00	5e0835fe-ef7c-4932-a76f-f515840ff7ef	0d37dd3f-69d5-48c8-a8bb-42c52fad80b6
\.


--
-- Data for Name: ai_messages; Type: TABLE DATA; Schema: public; Owner: postgres
--

COPY "public"."ai_messages" ("id", "role", "content", "created_at", "conversation_id", "sender_id") FROM stdin;
ce0ff671-5c17-469f-a7e4-2ede9f67cb51	user	How do I apply for a loan?	2025-12-09 23:04:59.837938+00	c3d95961-c658-4ccd-8175-8f06bb0e773a	3b1f4b2e-25ae-415e-82f2-e125aed86313
4ee0a5e3-f7f5-476b-abf4-39538c5413b4	user	Can I change my contribution amount?	2025-12-09 23:07:16.132517+00	dc9aad36-e5d7-4cf1-aea3-94c740d528ce	3b1f4b2e-25ae-415e-82f2-e125aed86313
1545564c-66d6-4d68-9319-67e70be017a2	user	What are my recent contributions?	2025-12-09 23:12:49.200491+00	ea5bf085-bf50-4121-bd19-144b2ddbe929	3b1f4b2e-25ae-415e-82f2-e125aed86313
baed9cbd-09b5-485b-b45c-1794065c8970	user	Help me track my expenses	2025-12-09 23:32:42.136584+00	9c127b07-767f-4828-bb00-5e828253c09e	3b1f4b2e-25ae-415e-82f2-e125aed86313
c64d6fb0-4b80-40b8-b3a1-e16440984423	user	shares in kenys	2025-12-09 23:37:15.523252+00	7c9464cf-3a08-4da5-af56-ca44ae08996b	3b1f4b2e-25ae-415e-82f2-e125aed86313
dab8862b-ea8a-4d1f-a902-855ad00a06e0	user	What are my recent contributions?	2025-12-09 23:40:30.842557+00	7c312f65-8616-4202-98d5-b212f94ffe77	3b1f4b2e-25ae-415e-82f2-e125aed86313
51505ef6-a2a6-4f3d-ac59-7d4d2954c6ab	user	How do I apply for a loan?	2025-12-09 23:44:58.060872+00	c7713ede-92de-4886-93b2-45ee34b538e7	3b1f4b2e-25ae-415e-82f2-e125aed86313
1b116cbe-7104-4984-a785-91770a74fe28	user	Can I change my contribution amount?	2025-12-09 23:49:35.640586+00	45f96dab-aa41-4eff-bc6b-f98a13a33a35	3b1f4b2e-25ae-415e-82f2-e125aed86313
532f05a2-fcff-4c0f-9400-54f0e5b4ad77	assistant	Yes, you can change your contribution amount if your chama group’s rules allow it. Here’s how you can proceed:\n\n1. **Check Group Policies:** Review your chama’s constitution or group rules, as some groups have fixed contribution amounts, while others are flexible.\n2. **Request a Change:** If adjustments are allowed, notify the group’s treasurer or administrator about your intended change. Some chamas require a formal request or group discussion before updates are approved.\n3. **Update on i chama:** If your contribution amount can be changed, you (or your treasurer) can update it directly on the i chama platform under the ‘Contributions’ or ‘Member Settings’ section.\n4. **Confirmation:** Make sure you get confirmation from your group so your records remain accurate and everyone is informed.\n\nWould you like guidance on how to update your contribution on the platform, or do you need help contacting your group treasurer?	2025-12-09 23:49:39.135693+00	45f96dab-aa41-4eff-bc6b-f98a13a33a35	\N
cb91a344-41be-434e-9d65-92a902f1438b	user	amazing. business laws in kenyan constitiuion	2025-12-09 23:50:46.200809+00	45f96dab-aa41-4eff-bc6b-f98a13a33a35	3b1f4b2e-25ae-415e-82f2-e125aed86313
b1b2e0e2-ebfa-41ac-9f34-100d341cbe11	assistant	Absolutely! Here’s an overview of **business laws in the Kenyan Constitution** and related key legislation that affect chamas and other business entities:\n\n### 1. **The Constitution of Kenya (2010)**\n- The Constitution provides the framework for business freedom, property rights, contracts, and fair economic practices.\n- It guarantees the right to form associations (Article 36), choose or join a trade or profession (Article 40), and protection from arbitrary deprivation of property.\n\n### 2. **Companies Act, 2015**\n- Governs the formation, registration, and operation of companies in Kenya.\n- Sets out legal requirements for directors, shareholders, annual returns, and company meetings.\n- For chamas registered as companies, compliance with the Companies Act is crucial.\n\n### 3. **Societies Act (Cap 108)**\n- Many chamas register as societies for legal recognition.\n- The Act explains registration, management, record keeping, and annual returns of societies.\n- Societies must keep proper books and submit annual returns to the Registrar.\n\n### 4. **The Cooperative Societies Act, 2004**\n- Chamas that register as cooperatives are governed by this Act.\n- It covers registration, management, dispute resolution, and dissolution of cooperatives.\n- It promotes transparency, democratic member control, and financial discipline.\n\n### 5. **Business Names Act, Cap 499**\n- Governs registration of sole proprietorships and partnerships.\n- A chama that operates as a business may register its name under this Act for legal recognition.\n\n### 6. **Microfinance Act, 2006**\n- Regulates microfinance institutions, which some chamas may evolve into.\n- Provides for licensing, supervision, and operation of deposit-taking microfinance businesses.\n\n### 7. **Other Relevant Laws**\n- **Income Tax Act:** Obligates registered chamas to adhere to taxation rules.\n- **Employment Act (2007):** If hiring staff, chamas should follow employment laws.\n\n---\n\n**For Chamas:**\n- Most chamas start as informal groups but it’s recommended to formalize through registration under either the Societies Act or Cooperative Societies Act for legal protection and accountability.\n- Always draft a constitution for internal governance, dispute resolution, and member rights—this forms the backbone of good management.\n\nIf you need specifics about registration, compliance, or what law best suits your chama, let me know your group's goals and structure, and I’ll advise accordingly!	2025-12-09 23:50:52.620508+00	45f96dab-aa41-4eff-bc6b-f98a13a33a35	\N
4ea454b8-e42d-45ea-a5a1-f8dd62a059df	user	generate my financial behaviour	2025-12-10 00:30:58.383747+00	5feffd93-4a60-4050-a6c2-94884b6ed4b2	26181be5-417e-4023-8442-27ac46ec9d93
034d3e57-7325-44c4-b2f9-b3387d2dc7df	assistant	**PERSONAL FINANCIAL REPORT**  \n**User:** ffdgwgwreg fggweg  \n**Chama:** Masters chama  \n**Date Generated:** 12/10/2025  \n\n---\n\n## 1. Financial Summary\n\n- **Total Assets:** KES 0  \n- **Total Liabilities:** KES 0  \n- **Net Worth:** KES 0  \n\n**Insight:**  \nCurrently, you do not have any recorded assets or liabilities with Masters chama, resulting in a net worth of KES 0. This means you have not accumulated savings or taken on any debts within the chama so far.\n\n---\n\n## 2. Loans\n\n- **Total Loans:** 2  \n  - **Approved:** 0  \n  - **Pending:** 0  \n- **Total Principal:** KES 0  \n- **Outstanding Balance:** KES 0  \n\n**Insight:**  \nYou have requested two loans in the past, but none have been approved or are pending. There is no outstanding loan balance, so you have no loan obligations at this time.\n\n---\n\n## 3. Savings\n\n- **Total Savings:** KES 0  \n- **Number of Savings Transactions:** 0  \n\n**Insight:**  \nYou have not made any savings contributions so far. Building up savings within your chama can help you access future loans, improve your financial security, and take advantage of group investment opportunities.\n\n---\n\n## 4. Contributions\n\n- **Total Paid:** KES 0  \n- **Total Pending:** KES 0  \n- **Contributions Count:** 0  \n\n**Insight:**  \nNo contributions have been recorded. Regular contributions are important for maintaining your membership status, supporting group projects, and accessing chama benefits.\n\n---\n\n## 5. Recommendations\n\n1. **Start Saving:**  \n   Consider making your first savings deposit. Even small, regular savings will help you build financial stability and participate more actively in group activities.\n\n2. **Make Regular Contributions:**  \n   Set a reminder to make your monthly contributions. Consistent participation ensures you remain in good standing and benefit fully from the chama.\n\n3. **Loan Eligibility:**  \n   If you plan to apply for future loans, increasing your savings and contributions can improve your eligibility and chances of approval.\n\n4. **Track Your Progress:**  \n   Regularly review your financial report to monitor your growth and adjust your goals. If you need help setting targets, let me know!\n\n---\n\n**Next Steps:**  \n- If you need guidance on how to start saving or making contributions, I can provide step-by-step instructions.\n- For advice on loan applications or improving your financial health, feel free to ask!\n\nIf you have any questions about your report or want to set financial goals, just let me know!	2025-12-10 00:31:08.354589+00	5feffd93-4a60-4050-a6c2-94884b6ed4b2	\N
85efd315-8ead-45a1-98aa-172b912921b2	user	how much loan do i have	2025-12-10 00:32:08.135267+00	5feffd93-4a60-4050-a6c2-94884b6ed4b2	26181be5-417e-4023-8442-27ac46ec9d93
1e6aa343-8b77-431a-8e31-1b4d423f1d01	assistant	As of now, you do not have any active loans with Masters chama.\n\n- **Total Loans Requested:** 2  \n- **Approved Loans:** 0  \n- **Pending Loans:** 0  \n- **Outstanding Loan Balance:** KES 0  \n\n**Summary:**  \nYou have requested loans in the past, but none have been approved or are currently pending. You do not owe any money to the chama, and your outstanding loan balance is KES 0.\n\nIf you’re interested in applying for a loan or want advice on how to improve your loan eligibility, let me know!	2025-12-10 00:32:12.248539+00	5feffd93-4a60-4050-a6c2-94884b6ed4b2	\N
78810b8b-2818-47ae-9f85-7c12d895978e	user	how much loans do i have?	2025-12-10 00:41:12.637336+00	5feffd93-4a60-4050-a6c2-94884b6ed4b2	26181be5-417e-4023-8442-27ac46ec9d93
80d7a22f-1e86-46d8-a361-bbffabc169ae	assistant	You currently do **not have any active or approved loans** with Masters chama.\n\nHere’s your loan summary:\n- **Total Loans Requested:** 2  \n- **Approved Loans:** 0  \n- **Pending Loans:** 0  \n- **Outstanding Loan Balance:** KES 0  \n\n**What this means:**  \nYou do not have any loan obligations at this time. If you’re interested in applying for a loan or want to know the requirements for approval, I’m here to help!	2025-12-10 00:41:17.206118+00	5feffd93-4a60-4050-a6c2-94884b6ed4b2	\N
19ba70f4-9eb9-4a91-b17a-284bb9d950c2	user	are they any loans listed?	2025-12-10 00:41:39.614369+00	5feffd93-4a60-4050-a6c2-94884b6ed4b2	26181be5-417e-4023-8442-27ac46ec9d93
b0d4f8cc-be6a-4138-9125-1da51c9377b6	assistant	Based on your current financial data, **no loans are listed under your account** with Masters chama.  \n- You have **requested 2 loans in the past**, but none have been approved or are pending.\n- **You do not have any active or outstanding loans.**\n\n**Summary:**  \nThere are no active, approved, or pending loans in your financial records at this time.\n\nIf you have questions about loan eligibility, want to apply for a loan, or need help understanding your loan history, please let me know!	2025-12-10 00:41:44.158837+00	5feffd93-4a60-4050-a6c2-94884b6ed4b2	\N
c62df305-7d92-47f3-b84f-4cc027f4bac6	user	How do I apply for a loan?	2025-12-10 00:44:20.94301+00	2f7bab77-9b76-4e7d-811a-eb6507f240d5	3b1f4b2e-25ae-415e-82f2-e125aed86313
1c49f75f-71b8-45e9-a6b3-62a56a923ab3	assistant	To apply for a loan in your chama (Masters chama), you’ll typically follow these steps:\n\n### 1. Review Eligibility\n- **Savings:** Ensure you meet any minimum savings requirements set by your chama for loan eligibility.\n- **Contribution History:** Regular contributions and active participation can strengthen your application.\n\n### 2. Prepare Your Application\n- **Loan Amount:** Decide how much you want to borrow.\n- **Purpose:** Be ready to state the reason for the loan (e.g., business, emergency, personal use).\n- **Repayment Plan:** Prepare a basic plan for how you intend to repay the loan (monthly installments, lump sum, etc.).\n\n### 3. Submit Your Application\n- **Platform Submission:** Use the i chama platform's loan application feature (if available). Look for a section called “Loans” or “Apply for Loan.”\n- **Manual Submission:** If not online, submit your application to the chama treasurer or admin during a meeting or via email/WhatsApp, as per your group’s process.\n\n### 4. Approval Process\n- **Review:** The admin or loan committee will review your application, check your financial standing, and compare it with current chama liabilities and available funds.\n- **Decision:** You’ll be notified if your loan is approved, and the terms (amount, interest, repayment period).\n\n### 5. Receive Funds\n- **Disbursement:** Once approved, funds are transferred to your account or as agreed by the chama.\n\n### 6. Start Repayment\n- **Track Repayments:** Use the i chama platform to monitor your loan balance and repayment progress.\n- **Stay on Schedule:** Regular repayments maintain good standing and future eligibility.\n\n---\n\n**Important Insights for Masters Chama:**\n- **Current Situation:** The chama has KES 7,000 in savings and KES 1,294,000 in outstanding loans, meaning funds are currently limited and liabilities are high.\n- **Recommendation:** Consider discussing with members or the admin about the current lending capacity before applying, since net worth is negative (KES -1,287,000).\n\n**Next Steps:**  \nIf you need guidance on the application form or want to check your eligibility, let me know your savings balance and intended loan amount—I can help you estimate your chances and advise on the process!	2025-12-10 00:44:28.585553+00	2f7bab77-9b76-4e7d-811a-eb6507f240d5	\N
4612d5cd-4a80-4539-978e-a122aa2c349f	user	i belong to how many chamas?	2025-12-10 00:45:58.183351+00	2f7bab77-9b76-4e7d-811a-eb6507f240d5	3b1f4b2e-25ae-415e-82f2-e125aed86313
f9e698c8-0e12-48b1-9694-b379bb3d1a46	assistant	Based on the information provided, you are currently associated with **Masters chama**. There is no data available indicating that you belong to any other chama groups.\n\nIf you would like to check your membership in other chamas, you can:\n- Review your profile on the i chama platform, where all your chama memberships should be listed.\n- Contact your admin or support team for a full list of your groups.\n\nWould you like assistance with checking your profile or exploring other chamas you might join?	2025-12-10 00:46:02.894094+00	2f7bab77-9b76-4e7d-811a-eb6507f240d5	\N
c1fa657b-1c71-422c-ade0-c16035af9d93	user	generate the chama genral report	2025-12-10 00:58:17.745982+00	9f85c39a-acd2-451d-928a-d8ca52e54cfb	3b1f4b2e-25ae-415e-82f2-e125aed86313
039b2d16-6e97-494d-b3dd-28c5f79dbbc2	assistant	Certainly! Here is a comprehensive financial overview report for Masters Chama, featuring key metrics, member summaries, insights, and actionable recommendations.\n\n---\n\n# Masters Chama Financial Overview Report  \n**Date Generated:** 12/10/2025\n\n---\n\n## 1. Chama Summary\n\n| Metric                 | Amount       |\n|------------------------|-------------|\n| **Total Members**      | 3           |\n| **Total Savings**      | KES 7,500   |\n| **Total Loans**        | 3           |\n| **Total Loan Balance** | KES 1,294,000 |\n| **Total Contributions**| KES 0       |\n\n---\n\n## 2. Financial Health\n\n| Category          | Amount        |\n|-------------------|--------------|\n| **Total Assets**  | KES 7,500    |\n| **Total Liabilities** | KES 1,294,000 |\n| **Net Worth**     | KES -1,286,500 |\n\n**Insight:**  \nMasters Chama currently has a significantly negative net worth. Liabilities (mainly outstanding loans) far exceed the group’s assets, indicating high financial risk and limited liquidity.\n\n---\n\n## 3. Member Summaries\n\n### 1. Member\n- **Savings:** KES 0\n- **Loans:** 0 (Balance: KES 0)\n- **Contributions:** KES 0\n\n### 2. Member\n- **Savings:** KES 7,000\n- **Loans:** 1 (Balance: KES 448,000)\n- **Contributions:** KES 0\n\n### 3. ffdgwgwreg fggweg\n- **Savings:** KES 500\n- **Loans:** 2 (Balance: KES 846,000)\n- **Contributions:** KES 0\n\n**Insight:**  \n- Only two members hold savings, with one member (Member 2) contributing the majority (KES 7,000).\n- Loan distribution is concentrated, with one member holding two loans totaling KES 846,000, and another holding one loan of KES 448,000.\n- No contributions have been recorded, which may indicate a lack of regular financial inflows.\n\n---\n\n## 4. Key Insights\n\n- **Savings Levels Are Low:** Total group savings are KES 7,500, which is insufficient compared to outstanding loan balances.\n- **Loans Outweigh Assets:** The total loan balance is over 170 times the available savings, leading to high financial vulnerability.\n- **Negative Net Worth:** With liabilities vastly exceeding assets, the chama is at risk of insolvency if loan repayments are not managed effectively.\n- **Member Engagement:** Savings and contributions are not evenly distributed among members, and two members have significant loan balances compared to their savings.\n\n---\n\n## 5. Recommendations\n\n1. **Increase Contributions & Savings:**  \n   Encourage all members to make regular contributions and increase savings to improve liquidity and financial stability.\n\n2. **Loan Management:**  \n   Implement stricter loan eligibility criteria and repayment monitoring. Consider capping loan amounts based on member savings and overall chama assets.\n\n3. **Debt Recovery Plan:**  \n   Develop a clear plan for recovering outstanding loans, including repayment schedules, reminders, and possible incentives for early repayment.\n\n4. **Financial Education:**  \n   Hold sessions to educate members on responsible borrowing, savings habits, and the impact of loans on group net worth.\n\n5. **Regular Financial Reviews:**  \n   Schedule monthly or quarterly financial reviews to monitor progress, discuss challenges, and adjust strategies as needed.\n\n6. **Transparency & Accountability:**  \n   Ensure all members have access to up-to-date financial reports to foster transparency and encourage active participation in improving the group’s financial health.\n\n---\n\n## 6. Summary\n\nMasters Chama is currently facing a challenging financial situation, with liabilities far exceeding assets and a negative net worth. Immediate action is required to boost savings, manage loan risk, and improve member engagement. By following the recommendations above, the chama can work towards greater financial stability and sustainability.\n\n---\n\n**If you need a more detailed breakdown, member-specific reports, or help setting financial targets, please let me know!**	2025-12-10 00:58:26.694256+00	9f85c39a-acd2-451d-928a-d8ca52e54cfb	\N
82287f99-8bf5-4121-adcb-8948a4165b60	user	genearate a general report of the system	2025-12-10 11:57:38.781987+00	5844d3b7-7d73-4cb5-9b77-48b4e81c7558	3b1f4b2e-25ae-415e-82f2-e125aed86313
af62c3ff-e134-469d-80bb-2d565e800fc1	assistant	**Masters Chama Financial Overview Report**  \n*Generated: 12/10/2025*\n\n---\n\n### 1. Executive Summary\n\nThis report provides a comprehensive overview of the financial status of Masters chama as of 12/10/2025. The analysis covers overall group performance, financial health, and individual member contributions, with actionable insights and recommendations for improved financial management.\n\n---\n\n### 2. Chama Summary\n\n| Metric                | Value                |\n|-----------------------|----------------------|\n| **Total Members**     | 3                    |\n| **Total Savings**     | KES 600,007,500      |\n| **Total Loans**       | 3                    |\n| **Total Loan Balance**| KES 1,294,000        |\n| **Total Contributions**| KES 0                |\n\n---\n\n### 3. Financial Health\n\n| Metric                | Value                |\n|-----------------------|----------------------|\n| **Total Assets**      | KES 600,007,500      |\n| **Total Liabilities** | KES 1,294,000        |\n| **Net Worth**         | KES 598,713,500      |\n\n**Analysis:**  \n- The chama is in a strong financial position, with a **very high asset base** and low liabilities.  \n- The **net worth** of KES 598,713,500 indicates significant financial strength and solvency.\n\n---\n\n### 4. Member Summaries\n\n| Member                | Savings      | Loans (Count/Balance)   | Contributions  |\n|-----------------------|-------------|------------------------|---------------|\n| **Member 1**          | KES 600,000,000 | 0 / KES 0              | KES 0         |\n| **Member 2**          | KES 7,000   | 1 / KES 448,000         | KES 0         |\n| **ffdgwgwreg fggweg** | KES 500     | 2 / KES 846,000         | KES 0         |\n\n**Observations:**\n- There is a significant imbalance in savings among members, with one member holding the vast majority of total savings.\n- Two members have active loans, with a combined loan balance of KES 1,294,000.\n- No member has recorded any contributions.\n\n---\n\n### 5. Key Insights\n\n- **Asset Dominance:** One member (KES 600,000,000 in savings) accounts for over 99% of the chama's total savings. This concentration could expose the group to risk if the member withdraws or reduces participation.\n- **Loan Distribution:** Loan balances are moderate relative to total assets, minimizing liquidity risk, but are highly concentrated among two members.\n- **Zero Contributions:** No contributions are recorded for any member. This could indicate either a lack of recent activity, missing data, or that all funds were deposited as savings.\n\n---\n\n### 6. Recommendations\n\n1. **Promote Balanced Participation:** Encourage all members to actively save and contribute to reduce over-reliance on a single member and improve group cohesion.\n2. **Review Contribution Policy:** Clarify and enforce regular contributions to enhance liquidity and foster equitable participation.\n3. **Loan Monitoring:** Closely monitor outstanding loans to ensure timely repayments and avoid credit risk concentration.\n4. **Member Expansion:** Consider recruiting new members to diversify the asset base and enhance chama sustainability.\n5. **Financial Planning:** Develop a formal investment or development plan to deploy the large asset base for collective benefit, rather than holding idle funds.\n\n---\n\n### 7. Next Steps\n\n- Schedule a chama meeting to discuss member engagement and contribution strategies.\n- Review and update chama by-laws to support balanced growth and participation.\n- Set clear savings and loan limits to manage concentration risks.\n\n---\n\n**For further analysis or custom reports (e.g., contributions history, loan breakdowns, trend analysis), please specify your request.**	2025-12-10 11:57:51.072+00	5844d3b7-7d73-4cb5-9b77-48b4e81c7558	\N
3c9a2bae-d118-41fb-a57f-66a8e28147ef	user	how can i improve on my expenses	2025-12-10 11:58:46.672851+00	5844d3b7-7d73-4cb5-9b77-48b4e81c7558	3b1f4b2e-25ae-415e-82f2-e125aed86313
065e6870-4bdd-4f18-b82f-41e718910f4c	assistant	Thank you for your question. As an admin with access to the overall chama data, I’ll provide recommendations for improving your **chama’s expense management, as well as tips you can share with individual members**. Note that your current data does not show specific expense records—if you need personalized advice for individual or group expenses, please provide more detailed expense data. However, here are practical, actionable steps based on best practices for chama management:\n\n---\n\n### How to Improve Chama Expenses\n\n#### 1. **Track and Categorize All Expenses**\n- **Action:** Maintain detailed records of all group expenses (e.g., administration, events, project investments).\n- **Benefit:** This helps identify areas where spending is high or unnecessary.\n\n#### 2. **Create and Adhere to a Budget**\n- **Action:** Develop a yearly or quarterly budget for the chama, forecasting both expected income and expenses.\n- **Benefit:** Budgeting helps prevent overspending and ensures funds are available for core activities and emergencies.\n\n#### 3. **Review and Approve Expenses Transparently**\n- **Action:** Set up a process where all expenses must be approved by the group or a committee before money is spent.\n- **Benefit:** This reduces impulse or unauthorized spending.\n\n#### 4. **Prioritize High-Impact Spending**\n- **Action:** Evaluate every expense for its contribution to the chama’s goals (e.g., wealth growth, member welfare).\n- **Benefit:** Focus spending on activities or investments with the highest returns for members.\n\n#### 5. **Leverage Group Discounts and Bulk Purchases**\n- **Action:** When possible, make purchases as a group to negotiate better deals or bulk discounts.\n- **Benefit:** This can significantly reduce per-unit costs.\n\n#### 6. **Regular Expense Reviews**\n- **Action:** At each chama meeting, review recent expenses and compare them to the budget.\n- **Benefit:** Early detection of overspending allows for corrective action.\n\n#### 7. **Digitize Expense Tracking**\n- **Action:** Use digital tools (like the i chama platform) to record, monitor, and report expenses.\n- **Benefit:** This improves transparency and makes it easier to spot trends and anomalies.\n\n---\n\n### Recommended Next Steps for Masters Chama\n\n- **Implement Expense Categories:** If not already in use, start classifying expenses (e.g., administration, investments, social events).\n- **Set Spending Limits:** Establish maximum limits for certain types of expenses unless approved by the group.\n- **Periodic Expense Audits:** Conduct quarterly or annual reviews to ensure all expenses are justified and aligned with group objectives.\n\n---\n\n### If You Want More Personalized Advice:\n\n- **Share your recent expense data:** I can analyze specific transactions, identify patterns, and suggest targeted savings.\n- **Set financial goals:** Define what you want to achieve with your expenses (e.g., maximize savings, fund a particular investment).\n\n---\n\n**Would you like help creating an expense tracking template, or do you want to review your current expense records? If you provide expense details, I can give more specific recommendations.**	2025-12-10 11:58:56.011693+00	5844d3b7-7d73-4cb5-9b77-48b4e81c7558	\N
fbad803e-0f4a-4057-ad26-96da32ad2888	user	how many chamas do i belong to?	2025-12-10 14:52:53.791191+00	afaa86c7-246b-4109-96ba-b76803044939	0d37dd3f-69d5-48c8-a8bb-42c52fad80b6
6c1058ab-1913-45e8-a2bf-f130711e948f	assistant	Based on the information provided, you are currently associated with one chama: **Cedar**.\n\nIf you belong to additional chamas, please provide their details or let me know if you’d like to add or manage more chamas within the platform.	2025-12-10 14:52:58.806199+00	afaa86c7-246b-4109-96ba-b76803044939	\N
0113fee9-174d-432e-804d-6a08e91ddef6	user	how many savings are there ?	2025-12-10 14:53:39.519117+00	afaa86c7-246b-4109-96ba-b76803044939	0d37dd3f-69d5-48c8-a8bb-42c52fad80b6
c8911aba-bc99-498d-8e23-5eaf9f34d42d	assistant	Within the Cedar chama, the **total savings amount to KES 4,000**.\n\nHere is a breakdown by member:\n- Member 1: Savings KES 0\n- Member 2: Savings KES 4,000\n\nIf you need a detailed savings history or trends over time, let me know—I can generate a more comprehensive report for you.	2025-12-10 14:53:43.282177+00	afaa86c7-246b-4109-96ba-b76803044939	\N
6cdc8a3c-7c91-4c8c-8e0b-7ad46c899925	user	generate the overall data of the system	2025-12-10 14:55:09.671742+00	afaa86c7-246b-4109-96ba-b76803044939	0d37dd3f-69d5-48c8-a8bb-42c52fad80b6
af1e8fc7-1420-4377-b0c6-12961a886681	assistant	Here is the comprehensive financial overview for the **Cedar chama**:\n\n---\n\n## Cedar Chama Financial Overview\n\n### Chama Details\n- **Total Members:** 2\n\n---\n\n### Chama Financial Summary\n\n| Category         | Amount (KES) |\n|------------------|--------------|\n| **Total Savings**      | 4,000        |\n| **Total Loans**        | 1            |\n| **Total Loan Balance** | 20,000       |\n| **Total Assets**       | 4,000        |\n| **Total Liabilities**  | 20,000       |\n| **Net Worth**          | -16,000      |\n\n---\n\n### Member Data Summary\n\n| Member    | Savings (KES) | Loans | Loan Balance (KES) |\n|-----------|---------------|-------|--------------------|\n| Member 1  | 0             | 0     | 0                  |\n| Member 2  | 4,000         | 1     | 20,000             |\n\n---\n\n### Key Insights\n\n- **Savings:** Only one member has contributed to savings, totaling KES 4,000. The other member has no savings recorded.\n- **Loans:** There is one outstanding loan within the chama, with a balance of KES 20,000. This loan is held by the member who also has savings.\n- **Net Worth:** The chama currently has a negative net worth of KES -16,000 because liabilities (loan balance) significantly exceed assets (savings).\n- **Financial Health:** To improve the financial health and net worth of the chama, consider strategies such as increasing savings contributions, loan repayments, or reducing liabilities.\n\n---\n\n### Recommendations\n\n1. **Increase Savings Participation:** Encourage all members to contribute regularly to grow the chama’s asset base.\n2. **Loan Repayment:** Prioritize repayment of the outstanding loan to reduce liabilities and improve net worth.\n3. **Diversify Savings Goals:** Set collective savings targets to motivate members and track progress.\n4. **Monitor and Review:** Regularly review financial statements to ensure transparency and accountability.\n\n---\n\nIf you’d like a more detailed breakdown (such as transaction history, individual member performance, or projections), please specify, and I’ll generate it for you.	2025-12-10 14:55:39.996888+00	afaa86c7-246b-4109-96ba-b76803044939	\N
\.


--
-- Data for Name: contributions; Type: TABLE DATA; Schema: public; Owner: postgres
--

COPY "public"."contributions" ("id", "title", "due_date", "amount", "created_at", "updated_at", "chama_id", "created_by_id") FROM stdin;
78baeaa9-dfec-4612-8d55-1bf02506101b	health care	2010-08-10	600	2025-12-09 23:01:03.349385+00	2025-12-09 23:01:03.349385+00	b67d3479-8cb0-4a7c-ac72-8c9086769cfb	3b1f4b2e-25ae-415e-82f2-e125aed86313
b9e13cab-593a-452e-b823-c337c53d4ec5	furnitures	2025-12-12	500	2025-12-10 14:48:19.401221+00	2025-12-10 14:48:19.401221+00	5e0835fe-ef7c-4932-a76f-f515840ff7ef	0d37dd3f-69d5-48c8-a8bb-42c52fad80b6
\.


--
-- Data for Name: expenses; Type: TABLE DATA; Schema: public; Owner: postgres
--

COPY "public"."expenses" ("id", "name", "amount", "date", "description", "created_at", "updated_at", "chama_id", "created_by_id") FROM stdin;
809c36b4-668a-4350-96eb-daa84cf67d62	furnitures	50000	2025-10-20 00:00:00+00	jvkcvnkcbmlkxc	2025-12-09 23:04:48.183693+00	2025-12-09 23:04:48.183693+00	b67d3479-8cb0-4a7c-ac72-8c9086769cfb	3b1f4b2e-25ae-415e-82f2-e125aed86313
9148a47a-ba11-47f4-9d77-9f30f7637cf5	food	10000	2025-12-01 00:00:00+00	\N	2025-12-10 14:44:31.482349+00	2025-12-10 14:44:31.482349+00	5e0835fe-ef7c-4932-a76f-f515840ff7ef	0d37dd3f-69d5-48c8-a8bb-42c52fad80b6
\.


--
-- Data for Name: income; Type: TABLE DATA; Schema: public; Owner: postgres
--

COPY "public"."income" ("id", "name", "amount", "date", "created_at", "updated_at", "owner_id", "chama_id", "created_by_id") FROM stdin;
cd859c01-46f5-4233-9566-b60574576f7b	income v1	3000	2004-08-10 00:00:00+00	2025-12-09 23:00:23.826246+00	2025-12-09 23:00:23.826246+00	3b1f4b2e-25ae-415e-82f2-e125aed86313	b67d3479-8cb0-4a7c-ac72-8c9086769cfb	3b1f4b2e-25ae-415e-82f2-e125aed86313
\.


--
-- Data for Name: investments; Type: TABLE DATA; Schema: public; Owner: postgres
--

COPY "public"."investments" ("id", "name", "amount", "date", "created_at", "updated_at", "chama_id", "created_by_id") FROM stdin;
fe934554-12a3-4496-97df-59393154b5dc	investment p4	5000	2004-08-10 00:00:00+00	2025-12-09 22:59:34.365453+00	2025-12-09 22:59:51.547294+00	b67d3479-8cb0-4a7c-ac72-8c9086769cfb	3b1f4b2e-25ae-415e-82f2-e125aed86313
\.


--
-- Data for Name: loans; Type: TABLE DATA; Schema: public; Owner: postgres
--

COPY "public"."loans" ("id", "name", "amount", "interest_rate", "duration", "created_at", "updated_at", "chama_id", "created_by_id") FROM stdin;
970bd485-7548-4ad0-9496-3728a9c89dec	farmers loan	400000	12	36	2025-12-09 23:02:18.945007+00	2025-12-09 23:02:18.945007+00	b67d3479-8cb0-4a7c-ac72-8c9086769cfb	3b1f4b2e-25ae-415e-82f2-e125aed86313
56e6a539-09f3-4f66-b1fc-8a4a126483db	business enhancement	600000	15	60	2025-12-10 12:37:04.756307+00	2025-12-10 12:37:04.756307+00	b67d3479-8cb0-4a7c-ac72-8c9086769cfb	3b1f4b2e-25ae-415e-82f2-e125aed86313
db00015c-c473-44b3-9964-914330aa1701	school fees	20000	12	3	2025-12-10 14:29:31.82359+00	2025-12-10 14:29:31.82359+00	5e0835fe-ef7c-4932-a76f-f515840ff7ef	0d37dd3f-69d5-48c8-a8bb-42c52fad80b6
\.


--
-- Data for Name: loan_requests; Type: TABLE DATA; Schema: public; Owner: postgres
--

COPY "public"."loan_requests" ("id", "principal", "amount_payable", "amount_paid", "balance", "installments", "due_date", "approval_status", "repayment_status", "approved_at", "repayment_history", "created_at", "updated_at", "loan_type_id", "requested_by_id", "approved_by_id") FROM stdin;
33ee40a8-31af-4e67-9183-41927dd8a05a	400000	448000	0	448000	[{"id": "5a6fbe32-98d3-44dc-b1fa-fc49a07af968", "status": "upcoming", "loan_id": "33ee40a8-31af-4e67-9183-41927dd8a05a", "due_date": "2026-01-09T23:54:22.257Z", "amount_due": 12444.44, "created_at": "2025-12-09T23:54:22.258Z", "updated_at": "2025-12-09T23:54:22.258Z", "paid_amount": 0, "payment_ids": [], "remaining_amount": 12444.44, "installment_number": 1}, {"id": "f40cfc8d-d0e6-4543-bc2b-75f0301ccd99", "status": "upcoming", "loan_id": "33ee40a8-31af-4e67-9183-41927dd8a05a", "due_date": "2026-02-09T23:54:22.258Z", "amount_due": 12444.44, "created_at": "2025-12-09T23:54:22.259Z", "updated_at": "2025-12-09T23:54:22.259Z", "paid_amount": 0, "payment_ids": [], "remaining_amount": 12444.44, "installment_number": 2}, {"id": "4fffdb0e-4f63-41d4-9737-01bc8166cb91", "status": "upcoming", "loan_id": "33ee40a8-31af-4e67-9183-41927dd8a05a", "due_date": "2026-03-09T23:54:22.259Z", "amount_due": 12444.44, "created_at": "2025-12-09T23:54:22.259Z", "updated_at": "2025-12-09T23:54:22.259Z", "paid_amount": 0, "payment_ids": [], "remaining_amount": 12444.44, "installment_number": 3}, {"id": "2087b381-5499-4707-8ac8-b91216f99bbc", "status": "upcoming", "loan_id": "33ee40a8-31af-4e67-9183-41927dd8a05a", "due_date": "2026-04-09T23:54:22.259Z", "amount_due": 12444.44, "created_at": "2025-12-09T23:54:22.259Z", "updated_at": "2025-12-09T23:54:22.259Z", "paid_amount": 0, "payment_ids": [], "remaining_amount": 12444.44, "installment_number": 4}, {"id": "6a733703-e925-4857-9bd8-11cbdf05eb42", "status": "upcoming", "loan_id": "33ee40a8-31af-4e67-9183-41927dd8a05a", "due_date": "2026-05-09T23:54:22.259Z", "amount_due": 12444.44, "created_at": "2025-12-09T23:54:22.259Z", "updated_at": "2025-12-09T23:54:22.259Z", "paid_amount": 0, "payment_ids": [], "remaining_amount": 12444.44, "installment_number": 5}, {"id": "51ce4436-f8af-4d56-a018-99dd13e09120", "status": "upcoming", "loan_id": "33ee40a8-31af-4e67-9183-41927dd8a05a", "due_date": "2026-06-09T23:54:22.259Z", "amount_due": 12444.44, "created_at": "2025-12-09T23:54:22.259Z", "updated_at": "2025-12-09T23:54:22.259Z", "paid_amount": 0, "payment_ids": [], "remaining_amount": 12444.44, "installment_number": 6}, {"id": "83e6abe5-5900-412a-9cd7-153a91333039", "status": "upcoming", "loan_id": "33ee40a8-31af-4e67-9183-41927dd8a05a", "due_date": "2026-07-09T23:54:22.259Z", "amount_due": 12444.44, "created_at": "2025-12-09T23:54:22.259Z", "updated_at": "2025-12-09T23:54:22.259Z", "paid_amount": 0, "payment_ids": [], "remaining_amount": 12444.44, "installment_number": 7}, {"id": "e8660f4a-d2f4-46c6-a253-95ec8684d3f1", "status": "upcoming", "loan_id": "33ee40a8-31af-4e67-9183-41927dd8a05a", "due_date": "2026-08-09T23:54:22.259Z", "amount_due": 12444.44, "created_at": "2025-12-09T23:54:22.259Z", "updated_at": "2025-12-09T23:54:22.259Z", "paid_amount": 0, "payment_ids": [], "remaining_amount": 12444.44, "installment_number": 8}, {"id": "ebe653f8-a1b7-4ea9-bef7-b357a00600d0", "status": "upcoming", "loan_id": "33ee40a8-31af-4e67-9183-41927dd8a05a", "due_date": "2026-09-09T23:54:22.259Z", "amount_due": 12444.44, "created_at": "2025-12-09T23:54:22.259Z", "updated_at": "2025-12-09T23:54:22.259Z", "paid_amount": 0, "payment_ids": [], "remaining_amount": 12444.44, "installment_number": 9}, {"id": "4dae21d5-c470-4ed5-9df5-6d8bd69e158e", "status": "upcoming", "loan_id": "33ee40a8-31af-4e67-9183-41927dd8a05a", "due_date": "2026-10-09T23:54:22.259Z", "amount_due": 12444.44, "created_at": "2025-12-09T23:54:22.259Z", "updated_at": "2025-12-09T23:54:22.259Z", "paid_amount": 0, "payment_ids": [], "remaining_amount": 12444.44, "installment_number": 10}, {"id": "d655ea5b-cb80-4c58-b0b6-92d28b41ced7", "status": "upcoming", "loan_id": "33ee40a8-31af-4e67-9183-41927dd8a05a", "due_date": "2026-11-09T23:54:22.259Z", "amount_due": 12444.44, "created_at": "2025-12-09T23:54:22.259Z", "updated_at": "2025-12-09T23:54:22.259Z", "paid_amount": 0, "payment_ids": [], "remaining_amount": 12444.44, "installment_number": 11}, {"id": "45212d5d-9ff2-4136-a53d-2d4a7e31554a", "status": "upcoming", "loan_id": "33ee40a8-31af-4e67-9183-41927dd8a05a", "due_date": "2026-12-09T23:54:22.260Z", "amount_due": 12444.44, "created_at": "2025-12-09T23:54:22.260Z", "updated_at": "2025-12-09T23:54:22.260Z", "paid_amount": 0, "payment_ids": [], "remaining_amount": 12444.44, "installment_number": 12}, {"id": "23642f93-43f9-49dd-9583-2325bf04f3c6", "status": "upcoming", "loan_id": "33ee40a8-31af-4e67-9183-41927dd8a05a", "due_date": "2027-01-09T23:54:22.260Z", "amount_due": 12444.44, "created_at": "2025-12-09T23:54:22.260Z", "updated_at": "2025-12-09T23:54:22.260Z", "paid_amount": 0, "payment_ids": [], "remaining_amount": 12444.44, "installment_number": 13}, {"id": "c60b944c-71af-46fd-a25d-69a5b19e790e", "status": "upcoming", "loan_id": "33ee40a8-31af-4e67-9183-41927dd8a05a", "due_date": "2027-02-09T23:54:22.260Z", "amount_due": 12444.44, "created_at": "2025-12-09T23:54:22.260Z", "updated_at": "2025-12-09T23:54:22.260Z", "paid_amount": 0, "payment_ids": [], "remaining_amount": 12444.44, "installment_number": 14}, {"id": "7cd246a3-07c0-4124-8326-f719df387ef7", "status": "upcoming", "loan_id": "33ee40a8-31af-4e67-9183-41927dd8a05a", "due_date": "2027-03-09T23:54:22.260Z", "amount_due": 12444.44, "created_at": "2025-12-09T23:54:22.260Z", "updated_at": "2025-12-09T23:54:22.260Z", "paid_amount": 0, "payment_ids": [], "remaining_amount": 12444.44, "installment_number": 15}, {"id": "ef5deeae-e7df-415e-b33f-d0d1b0bf970b", "status": "upcoming", "loan_id": "33ee40a8-31af-4e67-9183-41927dd8a05a", "due_date": "2027-04-09T23:54:22.260Z", "amount_due": 12444.44, "created_at": "2025-12-09T23:54:22.260Z", "updated_at": "2025-12-09T23:54:22.260Z", "paid_amount": 0, "payment_ids": [], "remaining_amount": 12444.44, "installment_number": 16}, {"id": "e91e11e5-f075-4745-a9f2-b0403ba8f429", "status": "upcoming", "loan_id": "33ee40a8-31af-4e67-9183-41927dd8a05a", "due_date": "2027-05-09T23:54:22.260Z", "amount_due": 12444.44, "created_at": "2025-12-09T23:54:22.260Z", "updated_at": "2025-12-09T23:54:22.260Z", "paid_amount": 0, "payment_ids": [], "remaining_amount": 12444.44, "installment_number": 17}, {"id": "69bd2259-600f-430c-9326-1c199763c759", "status": "upcoming", "loan_id": "33ee40a8-31af-4e67-9183-41927dd8a05a", "due_date": "2027-06-09T23:54:22.260Z", "amount_due": 12444.44, "created_at": "2025-12-09T23:54:22.260Z", "updated_at": "2025-12-09T23:54:22.260Z", "paid_amount": 0, "payment_ids": [], "remaining_amount": 12444.44, "installment_number": 18}, {"id": "9d6afe10-f2c2-458a-88bb-916dee718a18", "status": "upcoming", "loan_id": "33ee40a8-31af-4e67-9183-41927dd8a05a", "due_date": "2027-07-09T23:54:22.260Z", "amount_due": 12444.44, "created_at": "2025-12-09T23:54:22.260Z", "updated_at": "2025-12-09T23:54:22.260Z", "paid_amount": 0, "payment_ids": [], "remaining_amount": 12444.44, "installment_number": 19}, {"id": "664ba34b-2160-4673-b633-8992991247c6", "status": "upcoming", "loan_id": "33ee40a8-31af-4e67-9183-41927dd8a05a", "due_date": "2027-08-09T23:54:22.260Z", "amount_due": 12444.44, "created_at": "2025-12-09T23:54:22.260Z", "updated_at": "2025-12-09T23:54:22.260Z", "paid_amount": 0, "payment_ids": [], "remaining_amount": 12444.44, "installment_number": 20}, {"id": "f13e52fb-5e23-4412-b6f6-4f018b81a3cf", "status": "upcoming", "loan_id": "33ee40a8-31af-4e67-9183-41927dd8a05a", "due_date": "2027-09-09T23:54:22.260Z", "amount_due": 12444.44, "created_at": "2025-12-09T23:54:22.260Z", "updated_at": "2025-12-09T23:54:22.260Z", "paid_amount": 0, "payment_ids": [], "remaining_amount": 12444.44, "installment_number": 21}, {"id": "1de1f816-e2ec-4653-99b7-7bf51824016d", "status": "upcoming", "loan_id": "33ee40a8-31af-4e67-9183-41927dd8a05a", "due_date": "2027-10-09T23:54:22.260Z", "amount_due": 12444.44, "created_at": "2025-12-09T23:54:22.260Z", "updated_at": "2025-12-09T23:54:22.260Z", "paid_amount": 0, "payment_ids": [], "remaining_amount": 12444.44, "installment_number": 22}, {"id": "440b2980-77dd-49be-b97b-5802e14972b1", "status": "upcoming", "loan_id": "33ee40a8-31af-4e67-9183-41927dd8a05a", "due_date": "2027-11-09T23:54:22.260Z", "amount_due": 12444.44, "created_at": "2025-12-09T23:54:22.260Z", "updated_at": "2025-12-09T23:54:22.260Z", "paid_amount": 0, "payment_ids": [], "remaining_amount": 12444.44, "installment_number": 23}, {"id": "01ef3fa2-6770-4fc6-bf74-f7d2b5cfa8ab", "status": "upcoming", "loan_id": "33ee40a8-31af-4e67-9183-41927dd8a05a", "due_date": "2027-12-09T23:54:22.261Z", "amount_due": 12444.44, "created_at": "2025-12-09T23:54:22.261Z", "updated_at": "2025-12-09T23:54:22.261Z", "paid_amount": 0, "payment_ids": [], "remaining_amount": 12444.44, "installment_number": 24}, {"id": "1dbc3600-10cc-4eb9-b790-ef8a5aaa4d42", "status": "upcoming", "loan_id": "33ee40a8-31af-4e67-9183-41927dd8a05a", "due_date": "2028-01-09T23:54:22.261Z", "amount_due": 12444.44, "created_at": "2025-12-09T23:54:22.261Z", "updated_at": "2025-12-09T23:54:22.261Z", "paid_amount": 0, "payment_ids": [], "remaining_amount": 12444.44, "installment_number": 25}, {"id": "21c10e65-b7f9-4f21-88e4-b0e8d7245d66", "status": "upcoming", "loan_id": "33ee40a8-31af-4e67-9183-41927dd8a05a", "due_date": "2028-02-09T23:54:22.261Z", "amount_due": 12444.44, "created_at": "2025-12-09T23:54:22.261Z", "updated_at": "2025-12-09T23:54:22.261Z", "paid_amount": 0, "payment_ids": [], "remaining_amount": 12444.44, "installment_number": 26}, {"id": "ea288ac5-e383-4a05-908c-56579c93011e", "status": "upcoming", "loan_id": "33ee40a8-31af-4e67-9183-41927dd8a05a", "due_date": "2028-03-09T23:54:22.261Z", "amount_due": 12444.44, "created_at": "2025-12-09T23:54:22.261Z", "updated_at": "2025-12-09T23:54:22.261Z", "paid_amount": 0, "payment_ids": [], "remaining_amount": 12444.44, "installment_number": 27}, {"id": "0a7a6eab-126d-43d1-8172-31c505a67443", "status": "upcoming", "loan_id": "33ee40a8-31af-4e67-9183-41927dd8a05a", "due_date": "2028-04-09T23:54:22.261Z", "amount_due": 12444.44, "created_at": "2025-12-09T23:54:22.261Z", "updated_at": "2025-12-09T23:54:22.261Z", "paid_amount": 0, "payment_ids": [], "remaining_amount": 12444.44, "installment_number": 28}, {"id": "a62c438a-6c84-41a6-80d9-f72da74a1013", "status": "upcoming", "loan_id": "33ee40a8-31af-4e67-9183-41927dd8a05a", "due_date": "2028-05-09T23:54:22.261Z", "amount_due": 12444.44, "created_at": "2025-12-09T23:54:22.261Z", "updated_at": "2025-12-09T23:54:22.261Z", "paid_amount": 0, "payment_ids": [], "remaining_amount": 12444.44, "installment_number": 29}, {"id": "a92fa0d5-1c21-4936-ba11-8afc154c7831", "status": "upcoming", "loan_id": "33ee40a8-31af-4e67-9183-41927dd8a05a", "due_date": "2028-06-09T23:54:22.261Z", "amount_due": 12444.44, "created_at": "2025-12-09T23:54:22.261Z", "updated_at": "2025-12-09T23:54:22.261Z", "paid_amount": 0, "payment_ids": [], "remaining_amount": 12444.44, "installment_number": 30}, {"id": "5e8b542c-9280-4f8d-bbe9-53e35b6a1a21", "status": "upcoming", "loan_id": "33ee40a8-31af-4e67-9183-41927dd8a05a", "due_date": "2028-07-09T23:54:22.261Z", "amount_due": 12444.44, "created_at": "2025-12-09T23:54:22.261Z", "updated_at": "2025-12-09T23:54:22.261Z", "paid_amount": 0, "payment_ids": [], "remaining_amount": 12444.44, "installment_number": 31}, {"id": "c7c2c4df-c288-4b2f-9f26-0c4443bc4692", "status": "upcoming", "loan_id": "33ee40a8-31af-4e67-9183-41927dd8a05a", "due_date": "2028-08-09T23:54:22.261Z", "amount_due": 12444.44, "created_at": "2025-12-09T23:54:22.261Z", "updated_at": "2025-12-09T23:54:22.261Z", "paid_amount": 0, "payment_ids": [], "remaining_amount": 12444.44, "installment_number": 32}, {"id": "c72361cc-2183-48d1-b098-bae3e0e7bdab", "status": "upcoming", "loan_id": "33ee40a8-31af-4e67-9183-41927dd8a05a", "due_date": "2028-09-09T23:54:22.261Z", "amount_due": 12444.44, "created_at": "2025-12-09T23:54:22.261Z", "updated_at": "2025-12-09T23:54:22.261Z", "paid_amount": 0, "payment_ids": [], "remaining_amount": 12444.44, "installment_number": 33}, {"id": "38be4672-4239-44ba-8283-bab74d940937", "status": "upcoming", "loan_id": "33ee40a8-31af-4e67-9183-41927dd8a05a", "due_date": "2028-10-09T23:54:22.261Z", "amount_due": 12444.44, "created_at": "2025-12-09T23:54:22.261Z", "updated_at": "2025-12-09T23:54:22.261Z", "paid_amount": 0, "payment_ids": [], "remaining_amount": 12444.44, "installment_number": 34}, {"id": "4ef52418-7606-45ca-85c4-da0ff9422214", "status": "upcoming", "loan_id": "33ee40a8-31af-4e67-9183-41927dd8a05a", "due_date": "2028-11-09T23:54:22.261Z", "amount_due": 12444.44, "created_at": "2025-12-09T23:54:22.261Z", "updated_at": "2025-12-09T23:54:22.261Z", "paid_amount": 0, "payment_ids": [], "remaining_amount": 12444.44, "installment_number": 35}, {"id": "fd9387fe-9a94-4fa5-a2c3-cd20baf6c700", "status": "upcoming", "loan_id": "33ee40a8-31af-4e67-9183-41927dd8a05a", "due_date": "2028-12-09T23:54:22.261Z", "amount_due": 12444.6, "created_at": "2025-12-09T23:54:22.261Z", "updated_at": "2025-12-09T23:54:22.261Z", "paid_amount": 0, "payment_ids": [], "remaining_amount": 12444.6, "installment_number": 36}]	2028-12-10	accepted	active	2025-12-09 23:54:22.261+00	[]	2025-12-09 23:53:30.978158+00	2025-12-09 23:54:22.694766+00	970bd485-7548-4ad0-9496-3728a9c89dec	0bc6fb57-1e42-40ae-af9e-f3e81695437d	3b1f4b2e-25ae-415e-82f2-e125aed86313
22e2de74-cc8d-4c23-be0c-ba6d3199ed87	400000	448000	0	448000	[{"id": "5789403d-b623-4e05-b1bf-723fe3dd8408", "status": "upcoming", "loan_id": "22e2de74-cc8d-4c23-be0c-ba6d3199ed87", "due_date": "2026-01-10T00:08:02.451Z", "amount_due": 12444.44, "created_at": "2025-12-10T00:08:02.451Z", "updated_at": "2025-12-10T00:08:02.451Z", "paid_amount": 0, "payment_ids": [], "remaining_amount": 12444.44, "installment_number": 1}, {"id": "6beedb97-c6c2-40f5-8ef3-435e9cebb427", "status": "upcoming", "loan_id": "22e2de74-cc8d-4c23-be0c-ba6d3199ed87", "due_date": "2026-02-10T00:08:02.451Z", "amount_due": 12444.44, "created_at": "2025-12-10T00:08:02.451Z", "updated_at": "2025-12-10T00:08:02.451Z", "paid_amount": 0, "payment_ids": [], "remaining_amount": 12444.44, "installment_number": 2}, {"id": "a6148b98-f71d-4713-bb3d-2222bae7458f", "status": "upcoming", "loan_id": "22e2de74-cc8d-4c23-be0c-ba6d3199ed87", "due_date": "2026-03-10T00:08:02.451Z", "amount_due": 12444.44, "created_at": "2025-12-10T00:08:02.451Z", "updated_at": "2025-12-10T00:08:02.451Z", "paid_amount": 0, "payment_ids": [], "remaining_amount": 12444.44, "installment_number": 3}, {"id": "4f82b73e-6b26-422b-b61c-c0769a65f666", "status": "upcoming", "loan_id": "22e2de74-cc8d-4c23-be0c-ba6d3199ed87", "due_date": "2026-04-10T00:08:02.451Z", "amount_due": 12444.44, "created_at": "2025-12-10T00:08:02.451Z", "updated_at": "2025-12-10T00:08:02.451Z", "paid_amount": 0, "payment_ids": [], "remaining_amount": 12444.44, "installment_number": 4}, {"id": "2141d2a9-45af-4f6d-b463-32fd2554f5e6", "status": "upcoming", "loan_id": "22e2de74-cc8d-4c23-be0c-ba6d3199ed87", "due_date": "2026-05-10T00:08:02.451Z", "amount_due": 12444.44, "created_at": "2025-12-10T00:08:02.451Z", "updated_at": "2025-12-10T00:08:02.451Z", "paid_amount": 0, "payment_ids": [], "remaining_amount": 12444.44, "installment_number": 5}, {"id": "ef1615b9-e059-46c2-a535-7db854160b6d", "status": "upcoming", "loan_id": "22e2de74-cc8d-4c23-be0c-ba6d3199ed87", "due_date": "2026-06-10T00:08:02.451Z", "amount_due": 12444.44, "created_at": "2025-12-10T00:08:02.451Z", "updated_at": "2025-12-10T00:08:02.451Z", "paid_amount": 0, "payment_ids": [], "remaining_amount": 12444.44, "installment_number": 6}, {"id": "11a5e561-d14a-4501-8e4a-7d8d8d88e093", "status": "upcoming", "loan_id": "22e2de74-cc8d-4c23-be0c-ba6d3199ed87", "due_date": "2026-07-10T00:08:02.451Z", "amount_due": 12444.44, "created_at": "2025-12-10T00:08:02.451Z", "updated_at": "2025-12-10T00:08:02.451Z", "paid_amount": 0, "payment_ids": [], "remaining_amount": 12444.44, "installment_number": 7}, {"id": "ddbc8e07-8f6c-4ec9-9f0b-a3c8ceb74600", "status": "upcoming", "loan_id": "22e2de74-cc8d-4c23-be0c-ba6d3199ed87", "due_date": "2026-08-10T00:08:02.451Z", "amount_due": 12444.44, "created_at": "2025-12-10T00:08:02.451Z", "updated_at": "2025-12-10T00:08:02.451Z", "paid_amount": 0, "payment_ids": [], "remaining_amount": 12444.44, "installment_number": 8}, {"id": "bee96491-e0a7-43eb-b3e7-2c1da8047651", "status": "upcoming", "loan_id": "22e2de74-cc8d-4c23-be0c-ba6d3199ed87", "due_date": "2026-09-10T00:08:02.451Z", "amount_due": 12444.44, "created_at": "2025-12-10T00:08:02.451Z", "updated_at": "2025-12-10T00:08:02.451Z", "paid_amount": 0, "payment_ids": [], "remaining_amount": 12444.44, "installment_number": 9}, {"id": "619c0082-3ec1-4393-9852-d8d82de68d83", "status": "upcoming", "loan_id": "22e2de74-cc8d-4c23-be0c-ba6d3199ed87", "due_date": "2026-10-10T00:08:02.451Z", "amount_due": 12444.44, "created_at": "2025-12-10T00:08:02.451Z", "updated_at": "2025-12-10T00:08:02.451Z", "paid_amount": 0, "payment_ids": [], "remaining_amount": 12444.44, "installment_number": 10}, {"id": "38dda9c7-1713-409e-9361-89c6c1ae8c24", "status": "upcoming", "loan_id": "22e2de74-cc8d-4c23-be0c-ba6d3199ed87", "due_date": "2026-11-10T00:08:02.451Z", "amount_due": 12444.44, "created_at": "2025-12-10T00:08:02.451Z", "updated_at": "2025-12-10T00:08:02.451Z", "paid_amount": 0, "payment_ids": [], "remaining_amount": 12444.44, "installment_number": 11}, {"id": "b3df221a-55c8-4426-8682-3102a03b0aad", "status": "upcoming", "loan_id": "22e2de74-cc8d-4c23-be0c-ba6d3199ed87", "due_date": "2026-12-10T00:08:02.451Z", "amount_due": 12444.44, "created_at": "2025-12-10T00:08:02.451Z", "updated_at": "2025-12-10T00:08:02.451Z", "paid_amount": 0, "payment_ids": [], "remaining_amount": 12444.44, "installment_number": 12}, {"id": "1d315ab6-9f10-4dd7-9853-a665127f82e3", "status": "upcoming", "loan_id": "22e2de74-cc8d-4c23-be0c-ba6d3199ed87", "due_date": "2027-01-10T00:08:02.451Z", "amount_due": 12444.44, "created_at": "2025-12-10T00:08:02.451Z", "updated_at": "2025-12-10T00:08:02.451Z", "paid_amount": 0, "payment_ids": [], "remaining_amount": 12444.44, "installment_number": 13}, {"id": "2c9c3544-ff0a-4268-b323-59d67b6b675d", "status": "upcoming", "loan_id": "22e2de74-cc8d-4c23-be0c-ba6d3199ed87", "due_date": "2027-02-10T00:08:02.451Z", "amount_due": 12444.44, "created_at": "2025-12-10T00:08:02.451Z", "updated_at": "2025-12-10T00:08:02.451Z", "paid_amount": 0, "payment_ids": [], "remaining_amount": 12444.44, "installment_number": 14}, {"id": "91e66862-8ae1-434b-8771-4e86f9cd214c", "status": "upcoming", "loan_id": "22e2de74-cc8d-4c23-be0c-ba6d3199ed87", "due_date": "2027-03-10T00:08:02.451Z", "amount_due": 12444.44, "created_at": "2025-12-10T00:08:02.451Z", "updated_at": "2025-12-10T00:08:02.451Z", "paid_amount": 0, "payment_ids": [], "remaining_amount": 12444.44, "installment_number": 15}, {"id": "88159d58-f5b8-4d03-9604-e3c22db01d78", "status": "upcoming", "loan_id": "22e2de74-cc8d-4c23-be0c-ba6d3199ed87", "due_date": "2027-04-10T00:08:02.451Z", "amount_due": 12444.44, "created_at": "2025-12-10T00:08:02.451Z", "updated_at": "2025-12-10T00:08:02.451Z", "paid_amount": 0, "payment_ids": [], "remaining_amount": 12444.44, "installment_number": 16}, {"id": "6cba44e8-de27-4fb2-be04-e01d3f1d3651", "status": "upcoming", "loan_id": "22e2de74-cc8d-4c23-be0c-ba6d3199ed87", "due_date": "2027-05-10T00:08:02.451Z", "amount_due": 12444.44, "created_at": "2025-12-10T00:08:02.451Z", "updated_at": "2025-12-10T00:08:02.451Z", "paid_amount": 0, "payment_ids": [], "remaining_amount": 12444.44, "installment_number": 17}, {"id": "337594a3-86a4-47ab-bc8d-9860c563f0b3", "status": "upcoming", "loan_id": "22e2de74-cc8d-4c23-be0c-ba6d3199ed87", "due_date": "2027-06-10T00:08:02.451Z", "amount_due": 12444.44, "created_at": "2025-12-10T00:08:02.451Z", "updated_at": "2025-12-10T00:08:02.451Z", "paid_amount": 0, "payment_ids": [], "remaining_amount": 12444.44, "installment_number": 18}, {"id": "325699c1-4747-4af4-8f7c-bb1be2e1f113", "status": "upcoming", "loan_id": "22e2de74-cc8d-4c23-be0c-ba6d3199ed87", "due_date": "2027-07-10T00:08:02.451Z", "amount_due": 12444.44, "created_at": "2025-12-10T00:08:02.451Z", "updated_at": "2025-12-10T00:08:02.451Z", "paid_amount": 0, "payment_ids": [], "remaining_amount": 12444.44, "installment_number": 19}, {"id": "7931cc4a-6926-48a8-84ff-3e29d7ded0dd", "status": "upcoming", "loan_id": "22e2de74-cc8d-4c23-be0c-ba6d3199ed87", "due_date": "2027-08-10T00:08:02.451Z", "amount_due": 12444.44, "created_at": "2025-12-10T00:08:02.451Z", "updated_at": "2025-12-10T00:08:02.451Z", "paid_amount": 0, "payment_ids": [], "remaining_amount": 12444.44, "installment_number": 20}, {"id": "4d39f09e-cd7d-425a-9cb7-7c7dab591636", "status": "upcoming", "loan_id": "22e2de74-cc8d-4c23-be0c-ba6d3199ed87", "due_date": "2027-09-10T00:08:02.451Z", "amount_due": 12444.44, "created_at": "2025-12-10T00:08:02.451Z", "updated_at": "2025-12-10T00:08:02.451Z", "paid_amount": 0, "payment_ids": [], "remaining_amount": 12444.44, "installment_number": 21}, {"id": "07180f3a-7657-4146-9d0b-9df0814a8f09", "status": "upcoming", "loan_id": "22e2de74-cc8d-4c23-be0c-ba6d3199ed87", "due_date": "2027-10-10T00:08:02.451Z", "amount_due": 12444.44, "created_at": "2025-12-10T00:08:02.451Z", "updated_at": "2025-12-10T00:08:02.451Z", "paid_amount": 0, "payment_ids": [], "remaining_amount": 12444.44, "installment_number": 22}, {"id": "793270c4-e99d-4d0e-b1da-22049260cd75", "status": "upcoming", "loan_id": "22e2de74-cc8d-4c23-be0c-ba6d3199ed87", "due_date": "2027-11-10T00:08:02.451Z", "amount_due": 12444.44, "created_at": "2025-12-10T00:08:02.451Z", "updated_at": "2025-12-10T00:08:02.451Z", "paid_amount": 0, "payment_ids": [], "remaining_amount": 12444.44, "installment_number": 23}, {"id": "2352e079-4bb3-4688-a44c-daea74e7e715", "status": "upcoming", "loan_id": "22e2de74-cc8d-4c23-be0c-ba6d3199ed87", "due_date": "2027-12-10T00:08:02.451Z", "amount_due": 12444.44, "created_at": "2025-12-10T00:08:02.451Z", "updated_at": "2025-12-10T00:08:02.451Z", "paid_amount": 0, "payment_ids": [], "remaining_amount": 12444.44, "installment_number": 24}, {"id": "0d9dd93d-3d26-47d2-8688-5b3ec566dfba", "status": "upcoming", "loan_id": "22e2de74-cc8d-4c23-be0c-ba6d3199ed87", "due_date": "2028-01-10T00:08:02.451Z", "amount_due": 12444.44, "created_at": "2025-12-10T00:08:02.451Z", "updated_at": "2025-12-10T00:08:02.451Z", "paid_amount": 0, "payment_ids": [], "remaining_amount": 12444.44, "installment_number": 25}, {"id": "490b6871-d4b3-420b-bce8-cacc991aa4cd", "status": "upcoming", "loan_id": "22e2de74-cc8d-4c23-be0c-ba6d3199ed87", "due_date": "2028-02-10T00:08:02.451Z", "amount_due": 12444.44, "created_at": "2025-12-10T00:08:02.451Z", "updated_at": "2025-12-10T00:08:02.451Z", "paid_amount": 0, "payment_ids": [], "remaining_amount": 12444.44, "installment_number": 26}, {"id": "f645b819-8cbe-4c22-b03a-16cbb81df645", "status": "upcoming", "loan_id": "22e2de74-cc8d-4c23-be0c-ba6d3199ed87", "due_date": "2028-03-10T00:08:02.451Z", "amount_due": 12444.44, "created_at": "2025-12-10T00:08:02.451Z", "updated_at": "2025-12-10T00:08:02.451Z", "paid_amount": 0, "payment_ids": [], "remaining_amount": 12444.44, "installment_number": 27}, {"id": "4c66bf84-1f1c-42f2-afde-50a441a5e8ad", "status": "upcoming", "loan_id": "22e2de74-cc8d-4c23-be0c-ba6d3199ed87", "due_date": "2028-04-10T00:08:02.451Z", "amount_due": 12444.44, "created_at": "2025-12-10T00:08:02.451Z", "updated_at": "2025-12-10T00:08:02.451Z", "paid_amount": 0, "payment_ids": [], "remaining_amount": 12444.44, "installment_number": 28}, {"id": "e814fe5f-35d2-4ad7-9041-f7242d9ad133", "status": "upcoming", "loan_id": "22e2de74-cc8d-4c23-be0c-ba6d3199ed87", "due_date": "2028-05-10T00:08:02.451Z", "amount_due": 12444.44, "created_at": "2025-12-10T00:08:02.451Z", "updated_at": "2025-12-10T00:08:02.451Z", "paid_amount": 0, "payment_ids": [], "remaining_amount": 12444.44, "installment_number": 29}, {"id": "d4f7c1f5-3d2b-43a3-b10a-71571d5735e7", "status": "upcoming", "loan_id": "22e2de74-cc8d-4c23-be0c-ba6d3199ed87", "due_date": "2028-06-10T00:08:02.451Z", "amount_due": 12444.44, "created_at": "2025-12-10T00:08:02.451Z", "updated_at": "2025-12-10T00:08:02.451Z", "paid_amount": 0, "payment_ids": [], "remaining_amount": 12444.44, "installment_number": 30}, {"id": "283d9d9e-bd43-42c3-8fec-99371fa0a494", "status": "upcoming", "loan_id": "22e2de74-cc8d-4c23-be0c-ba6d3199ed87", "due_date": "2028-07-10T00:08:02.451Z", "amount_due": 12444.44, "created_at": "2025-12-10T00:08:02.451Z", "updated_at": "2025-12-10T00:08:02.451Z", "paid_amount": 0, "payment_ids": [], "remaining_amount": 12444.44, "installment_number": 31}, {"id": "01319cb0-cdc2-4657-a7ce-619e8a626563", "status": "upcoming", "loan_id": "22e2de74-cc8d-4c23-be0c-ba6d3199ed87", "due_date": "2028-08-10T00:08:02.451Z", "amount_due": 12444.44, "created_at": "2025-12-10T00:08:02.451Z", "updated_at": "2025-12-10T00:08:02.451Z", "paid_amount": 0, "payment_ids": [], "remaining_amount": 12444.44, "installment_number": 32}, {"id": "64717f14-2c8f-4f90-b8a5-85a9d3c5796f", "status": "upcoming", "loan_id": "22e2de74-cc8d-4c23-be0c-ba6d3199ed87", "due_date": "2028-09-10T00:08:02.451Z", "amount_due": 12444.44, "created_at": "2025-12-10T00:08:02.451Z", "updated_at": "2025-12-10T00:08:02.451Z", "paid_amount": 0, "payment_ids": [], "remaining_amount": 12444.44, "installment_number": 33}, {"id": "1eaa7a08-4cae-4f4c-8ba8-f9168293ce5a", "status": "upcoming", "loan_id": "22e2de74-cc8d-4c23-be0c-ba6d3199ed87", "due_date": "2028-10-10T00:08:02.451Z", "amount_due": 12444.44, "created_at": "2025-12-10T00:08:02.451Z", "updated_at": "2025-12-10T00:08:02.451Z", "paid_amount": 0, "payment_ids": [], "remaining_amount": 12444.44, "installment_number": 34}, {"id": "e6262825-c615-4796-8d63-560c77f912ce", "status": "upcoming", "loan_id": "22e2de74-cc8d-4c23-be0c-ba6d3199ed87", "due_date": "2028-11-10T00:08:02.451Z", "amount_due": 12444.44, "created_at": "2025-12-10T00:08:02.451Z", "updated_at": "2025-12-10T00:08:02.451Z", "paid_amount": 0, "payment_ids": [], "remaining_amount": 12444.44, "installment_number": 35}, {"id": "bbfc21b1-ee20-4813-9790-5e09c6d1b1bc", "status": "upcoming", "loan_id": "22e2de74-cc8d-4c23-be0c-ba6d3199ed87", "due_date": "2028-12-10T00:08:02.451Z", "amount_due": 12444.6, "created_at": "2025-12-10T00:08:02.451Z", "updated_at": "2025-12-10T00:08:02.451Z", "paid_amount": 0, "payment_ids": [], "remaining_amount": 12444.6, "installment_number": 36}]	2028-12-10	accepted	active	2025-12-10 00:08:02.451+00	[]	2025-12-10 00:06:33.138906+00	2025-12-10 00:08:02.875063+00	970bd485-7548-4ad0-9496-3728a9c89dec	26181be5-417e-4023-8442-27ac46ec9d93	3b1f4b2e-25ae-415e-82f2-e125aed86313
8a460eb3-8bca-4bd2-893b-c25177193744	400000	448000	50000	398000	[{"id": "c585a24e-d345-46ad-8055-ae74dc534bd0", "status": "completed", "loan_id": "8a460eb3-8bca-4bd2-893b-c25177193744", "due_date": "2026-01-10T00:04:14.604Z", "amount_due": 12444.44, "created_at": "2025-12-10T00:04:14.606Z", "updated_at": "2025-12-10T00:19:43.093Z", "paid_amount": 12444.44, "payment_ids": ["874837e1-7d03-40c7-a5af-88abbd8d3452"], "remaining_amount": 0, "full_payment_date": "2025-12-10T00:19:43.093Z", "installment_number": 1}, {"id": "4ca4d956-4181-4354-9fd2-735da9cbb63c", "status": "completed", "loan_id": "8a460eb3-8bca-4bd2-893b-c25177193744", "due_date": "2026-02-10T00:04:14.606Z", "amount_due": 12444.44, "created_at": "2025-12-10T00:04:14.607Z", "updated_at": "2025-12-10T00:19:43.093Z", "paid_amount": 12444.44, "payment_ids": ["874837e1-7d03-40c7-a5af-88abbd8d3452"], "remaining_amount": 0, "full_payment_date": "2025-12-10T00:19:43.093Z", "installment_number": 2}, {"id": "de0fa71e-828d-4239-84a5-30ed4e6e900c", "status": "completed", "loan_id": "8a460eb3-8bca-4bd2-893b-c25177193744", "due_date": "2026-03-10T00:04:14.607Z", "amount_due": 12444.44, "created_at": "2025-12-10T00:04:14.607Z", "updated_at": "2025-12-10T00:19:43.093Z", "paid_amount": 12444.44, "payment_ids": ["874837e1-7d03-40c7-a5af-88abbd8d3452"], "remaining_amount": 0, "full_payment_date": "2025-12-10T00:19:43.093Z", "installment_number": 3}, {"id": "aa9a48fb-f17d-45ab-8c35-daef2d333f6b", "status": "completed", "loan_id": "8a460eb3-8bca-4bd2-893b-c25177193744", "due_date": "2026-04-10T00:04:14.607Z", "amount_due": 12444.44, "created_at": "2025-12-10T00:04:14.607Z", "updated_at": "2025-12-10T00:19:43.093Z", "paid_amount": 12444.44, "payment_ids": ["874837e1-7d03-40c7-a5af-88abbd8d3452"], "remaining_amount": 0, "full_payment_date": "2025-12-10T00:19:43.093Z", "installment_number": 4}, {"id": "770d87ff-12eb-4eed-9e4e-ee75f34445a2", "status": "in_progress", "loan_id": "8a460eb3-8bca-4bd2-893b-c25177193744", "due_date": "2026-05-10T00:04:14.607Z", "amount_due": 12444.44, "created_at": "2025-12-10T00:04:14.607Z", "updated_at": "2025-12-10T00:19:43.093Z", "paid_amount": 222.23999999999432, "payment_ids": ["874837e1-7d03-40c7-a5af-88abbd8d3452"], "remaining_amount": 12222.200000000006, "installment_number": 5}, {"id": "8ead11f7-0120-4975-ac2a-14487bdcd2d1", "status": "upcoming", "loan_id": "8a460eb3-8bca-4bd2-893b-c25177193744", "due_date": "2026-06-10T00:04:14.607Z", "amount_due": 12444.44, "created_at": "2025-12-10T00:04:14.607Z", "updated_at": "2025-12-10T00:04:14.607Z", "paid_amount": 0, "payment_ids": [], "remaining_amount": 12444.44, "installment_number": 6}, {"id": "1a13c9d1-5050-43c8-b3d4-1a8a7a9804b2", "status": "upcoming", "loan_id": "8a460eb3-8bca-4bd2-893b-c25177193744", "due_date": "2026-07-10T00:04:14.607Z", "amount_due": 12444.44, "created_at": "2025-12-10T00:04:14.607Z", "updated_at": "2025-12-10T00:04:14.607Z", "paid_amount": 0, "payment_ids": [], "remaining_amount": 12444.44, "installment_number": 7}, {"id": "4ea5883e-df68-4e8b-904a-04ac3361eaae", "status": "upcoming", "loan_id": "8a460eb3-8bca-4bd2-893b-c25177193744", "due_date": "2026-08-10T00:04:14.607Z", "amount_due": 12444.44, "created_at": "2025-12-10T00:04:14.607Z", "updated_at": "2025-12-10T00:04:14.607Z", "paid_amount": 0, "payment_ids": [], "remaining_amount": 12444.44, "installment_number": 8}, {"id": "5bbc6334-f27f-4908-8b5d-e1e85baa5fdb", "status": "upcoming", "loan_id": "8a460eb3-8bca-4bd2-893b-c25177193744", "due_date": "2026-09-10T00:04:14.607Z", "amount_due": 12444.44, "created_at": "2025-12-10T00:04:14.607Z", "updated_at": "2025-12-10T00:04:14.607Z", "paid_amount": 0, "payment_ids": [], "remaining_amount": 12444.44, "installment_number": 9}, {"id": "e76015cd-8050-4a3d-a2ad-d96a87082069", "status": "upcoming", "loan_id": "8a460eb3-8bca-4bd2-893b-c25177193744", "due_date": "2026-10-10T00:04:14.607Z", "amount_due": 12444.44, "created_at": "2025-12-10T00:04:14.608Z", "updated_at": "2025-12-10T00:04:14.608Z", "paid_amount": 0, "payment_ids": [], "remaining_amount": 12444.44, "installment_number": 10}, {"id": "942d440d-ac3a-488c-9601-2064ff07f532", "status": "upcoming", "loan_id": "8a460eb3-8bca-4bd2-893b-c25177193744", "due_date": "2026-11-10T00:04:14.608Z", "amount_due": 12444.44, "created_at": "2025-12-10T00:04:14.608Z", "updated_at": "2025-12-10T00:04:14.608Z", "paid_amount": 0, "payment_ids": [], "remaining_amount": 12444.44, "installment_number": 11}, {"id": "f189cfc7-b9c0-4a6b-86c2-9cf8d9890945", "status": "upcoming", "loan_id": "8a460eb3-8bca-4bd2-893b-c25177193744", "due_date": "2026-12-10T00:04:14.608Z", "amount_due": 12444.44, "created_at": "2025-12-10T00:04:14.608Z", "updated_at": "2025-12-10T00:04:14.608Z", "paid_amount": 0, "payment_ids": [], "remaining_amount": 12444.44, "installment_number": 12}, {"id": "a91dfce1-312b-48f4-acef-2772b642fc0e", "status": "upcoming", "loan_id": "8a460eb3-8bca-4bd2-893b-c25177193744", "due_date": "2027-01-10T00:04:14.608Z", "amount_due": 12444.44, "created_at": "2025-12-10T00:04:14.608Z", "updated_at": "2025-12-10T00:04:14.608Z", "paid_amount": 0, "payment_ids": [], "remaining_amount": 12444.44, "installment_number": 13}, {"id": "1383de01-f0d7-4e9b-a94c-df03b903865d", "status": "upcoming", "loan_id": "8a460eb3-8bca-4bd2-893b-c25177193744", "due_date": "2027-02-10T00:04:14.608Z", "amount_due": 12444.44, "created_at": "2025-12-10T00:04:14.608Z", "updated_at": "2025-12-10T00:04:14.608Z", "paid_amount": 0, "payment_ids": [], "remaining_amount": 12444.44, "installment_number": 14}, {"id": "5ee9c9b5-4c7d-42ad-bd33-6d4205727e50", "status": "upcoming", "loan_id": "8a460eb3-8bca-4bd2-893b-c25177193744", "due_date": "2027-03-10T00:04:14.608Z", "amount_due": 12444.44, "created_at": "2025-12-10T00:04:14.608Z", "updated_at": "2025-12-10T00:04:14.608Z", "paid_amount": 0, "payment_ids": [], "remaining_amount": 12444.44, "installment_number": 15}, {"id": "566e2c2a-3009-4364-952e-cdc69aac977a", "status": "upcoming", "loan_id": "8a460eb3-8bca-4bd2-893b-c25177193744", "due_date": "2027-04-10T00:04:14.608Z", "amount_due": 12444.44, "created_at": "2025-12-10T00:04:14.608Z", "updated_at": "2025-12-10T00:04:14.608Z", "paid_amount": 0, "payment_ids": [], "remaining_amount": 12444.44, "installment_number": 16}, {"id": "70b91890-f5de-4940-a681-f69406702a55", "status": "upcoming", "loan_id": "8a460eb3-8bca-4bd2-893b-c25177193744", "due_date": "2027-05-10T00:04:14.608Z", "amount_due": 12444.44, "created_at": "2025-12-10T00:04:14.608Z", "updated_at": "2025-12-10T00:04:14.608Z", "paid_amount": 0, "payment_ids": [], "remaining_amount": 12444.44, "installment_number": 17}, {"id": "6976e462-56cd-4801-a034-c267a8cd0186", "status": "upcoming", "loan_id": "8a460eb3-8bca-4bd2-893b-c25177193744", "due_date": "2027-06-10T00:04:14.608Z", "amount_due": 12444.44, "created_at": "2025-12-10T00:04:14.608Z", "updated_at": "2025-12-10T00:04:14.608Z", "paid_amount": 0, "payment_ids": [], "remaining_amount": 12444.44, "installment_number": 18}, {"id": "f07140d7-6138-41dc-a07d-aa0cd16c0139", "status": "upcoming", "loan_id": "8a460eb3-8bca-4bd2-893b-c25177193744", "due_date": "2027-07-10T00:04:14.608Z", "amount_due": 12444.44, "created_at": "2025-12-10T00:04:14.608Z", "updated_at": "2025-12-10T00:04:14.608Z", "paid_amount": 0, "payment_ids": [], "remaining_amount": 12444.44, "installment_number": 19}, {"id": "4329aec7-f8b8-40d0-9370-220b2e627ce9", "status": "upcoming", "loan_id": "8a460eb3-8bca-4bd2-893b-c25177193744", "due_date": "2027-08-10T00:04:14.608Z", "amount_due": 12444.44, "created_at": "2025-12-10T00:04:14.608Z", "updated_at": "2025-12-10T00:04:14.608Z", "paid_amount": 0, "payment_ids": [], "remaining_amount": 12444.44, "installment_number": 20}, {"id": "da1851ad-445c-4f97-9b8e-d2d6fea50162", "status": "upcoming", "loan_id": "8a460eb3-8bca-4bd2-893b-c25177193744", "due_date": "2027-09-10T00:04:14.608Z", "amount_due": 12444.44, "created_at": "2025-12-10T00:04:14.608Z", "updated_at": "2025-12-10T00:04:14.608Z", "paid_amount": 0, "payment_ids": [], "remaining_amount": 12444.44, "installment_number": 21}, {"id": "12a6a1d8-b177-449c-a129-56e3eee646e4", "status": "upcoming", "loan_id": "8a460eb3-8bca-4bd2-893b-c25177193744", "due_date": "2027-10-10T00:04:14.608Z", "amount_due": 12444.44, "created_at": "2025-12-10T00:04:14.608Z", "updated_at": "2025-12-10T00:04:14.608Z", "paid_amount": 0, "payment_ids": [], "remaining_amount": 12444.44, "installment_number": 22}, {"id": "f3d2679f-1ba3-4eac-809b-c29eb219f09e", "status": "upcoming", "loan_id": "8a460eb3-8bca-4bd2-893b-c25177193744", "due_date": "2027-11-10T00:04:14.608Z", "amount_due": 12444.44, "created_at": "2025-12-10T00:04:14.608Z", "updated_at": "2025-12-10T00:04:14.608Z", "paid_amount": 0, "payment_ids": [], "remaining_amount": 12444.44, "installment_number": 23}, {"id": "d3c19df7-7a99-41bd-8645-5a0265d4706e", "status": "upcoming", "loan_id": "8a460eb3-8bca-4bd2-893b-c25177193744", "due_date": "2027-12-10T00:04:14.608Z", "amount_due": 12444.44, "created_at": "2025-12-10T00:04:14.608Z", "updated_at": "2025-12-10T00:04:14.608Z", "paid_amount": 0, "payment_ids": [], "remaining_amount": 12444.44, "installment_number": 24}, {"id": "4bf8e6ac-e7a0-4d79-b308-2b20676f3229", "status": "upcoming", "loan_id": "8a460eb3-8bca-4bd2-893b-c25177193744", "due_date": "2028-01-10T00:04:14.608Z", "amount_due": 12444.44, "created_at": "2025-12-10T00:04:14.608Z", "updated_at": "2025-12-10T00:04:14.608Z", "paid_amount": 0, "payment_ids": [], "remaining_amount": 12444.44, "installment_number": 25}, {"id": "4345ecde-5e93-4182-b80f-1ed9292e9a5a", "status": "upcoming", "loan_id": "8a460eb3-8bca-4bd2-893b-c25177193744", "due_date": "2028-02-10T00:04:14.608Z", "amount_due": 12444.44, "created_at": "2025-12-10T00:04:14.608Z", "updated_at": "2025-12-10T00:04:14.608Z", "paid_amount": 0, "payment_ids": [], "remaining_amount": 12444.44, "installment_number": 26}, {"id": "c422ed8b-998d-40bf-92cb-ce6b5b169646", "status": "upcoming", "loan_id": "8a460eb3-8bca-4bd2-893b-c25177193744", "due_date": "2028-03-10T00:04:14.608Z", "amount_due": 12444.44, "created_at": "2025-12-10T00:04:14.608Z", "updated_at": "2025-12-10T00:04:14.608Z", "paid_amount": 0, "payment_ids": [], "remaining_amount": 12444.44, "installment_number": 27}, {"id": "48539355-d0ff-4801-840a-91939f750944", "status": "upcoming", "loan_id": "8a460eb3-8bca-4bd2-893b-c25177193744", "due_date": "2028-04-10T00:04:14.608Z", "amount_due": 12444.44, "created_at": "2025-12-10T00:04:14.609Z", "updated_at": "2025-12-10T00:04:14.609Z", "paid_amount": 0, "payment_ids": [], "remaining_amount": 12444.44, "installment_number": 28}, {"id": "4c47f757-92f7-4699-a2d4-bb7424d1385c", "status": "upcoming", "loan_id": "8a460eb3-8bca-4bd2-893b-c25177193744", "due_date": "2028-05-10T00:04:14.609Z", "amount_due": 12444.44, "created_at": "2025-12-10T00:04:14.609Z", "updated_at": "2025-12-10T00:04:14.609Z", "paid_amount": 0, "payment_ids": [], "remaining_amount": 12444.44, "installment_number": 29}, {"id": "988ece2b-2540-4510-be9f-d76940fd2914", "status": "upcoming", "loan_id": "8a460eb3-8bca-4bd2-893b-c25177193744", "due_date": "2028-06-10T00:04:14.609Z", "amount_due": 12444.44, "created_at": "2025-12-10T00:04:14.609Z", "updated_at": "2025-12-10T00:04:14.609Z", "paid_amount": 0, "payment_ids": [], "remaining_amount": 12444.44, "installment_number": 30}, {"id": "d416302f-b01f-4f52-993e-c9ea67e2fe76", "status": "upcoming", "loan_id": "8a460eb3-8bca-4bd2-893b-c25177193744", "due_date": "2028-07-10T00:04:14.609Z", "amount_due": 12444.44, "created_at": "2025-12-10T00:04:14.609Z", "updated_at": "2025-12-10T00:04:14.609Z", "paid_amount": 0, "payment_ids": [], "remaining_amount": 12444.44, "installment_number": 31}, {"id": "8ed8fd66-1ea1-4693-a11e-b85527647213", "status": "upcoming", "loan_id": "8a460eb3-8bca-4bd2-893b-c25177193744", "due_date": "2028-08-10T00:04:14.609Z", "amount_due": 12444.44, "created_at": "2025-12-10T00:04:14.609Z", "updated_at": "2025-12-10T00:04:14.609Z", "paid_amount": 0, "payment_ids": [], "remaining_amount": 12444.44, "installment_number": 32}, {"id": "bcf2168e-dabe-450c-9802-b7a95c72e399", "status": "upcoming", "loan_id": "8a460eb3-8bca-4bd2-893b-c25177193744", "due_date": "2028-09-10T00:04:14.609Z", "amount_due": 12444.44, "created_at": "2025-12-10T00:04:14.609Z", "updated_at": "2025-12-10T00:04:14.609Z", "paid_amount": 0, "payment_ids": [], "remaining_amount": 12444.44, "installment_number": 33}, {"id": "b046a355-b008-4a39-8356-18f038dca2f7", "status": "upcoming", "loan_id": "8a460eb3-8bca-4bd2-893b-c25177193744", "due_date": "2028-10-10T00:04:14.609Z", "amount_due": 12444.44, "created_at": "2025-12-10T00:04:14.609Z", "updated_at": "2025-12-10T00:04:14.609Z", "paid_amount": 0, "payment_ids": [], "remaining_amount": 12444.44, "installment_number": 34}, {"id": "454c6c53-08c8-4676-8bbb-7ef5a4c5dae8", "status": "upcoming", "loan_id": "8a460eb3-8bca-4bd2-893b-c25177193744", "due_date": "2028-11-10T00:04:14.609Z", "amount_due": 12444.44, "created_at": "2025-12-10T00:04:14.609Z", "updated_at": "2025-12-10T00:04:14.609Z", "paid_amount": 0, "payment_ids": [], "remaining_amount": 12444.44, "installment_number": 35}, {"id": "3006b90e-c6c5-4339-b0d3-a3bb368cabb9", "status": "upcoming", "loan_id": "8a460eb3-8bca-4bd2-893b-c25177193744", "due_date": "2028-12-10T00:04:14.609Z", "amount_due": 12444.6, "created_at": "2025-12-10T00:04:14.609Z", "updated_at": "2025-12-10T00:04:14.609Z", "paid_amount": 0, "payment_ids": [], "remaining_amount": 12444.6, "installment_number": 36}]	2028-12-10	accepted	active	2025-12-10 00:04:14.609+00	[{"id": "874837e1-7d03-40c7-a5af-88abbd8d3452", "note": "emgklmg", "loan_id": "8a460eb3-8bca-4bd2-893b-c25177193744", "created_at": "2025-12-10T00:19:43.091Z", "updated_at": "2025-12-10T00:19:43.091Z", "amount_paid": 50000, "new_balance": 398000, "recorded_by": "", "payment_date": "2025-12-10", "payment_method": "mpesa", "previous_balance": "448000"}]	2025-12-10 00:03:22.026809+00	2025-12-10 00:19:43.094+00	970bd485-7548-4ad0-9496-3728a9c89dec	26181be5-417e-4023-8442-27ac46ec9d93	3b1f4b2e-25ae-415e-82f2-e125aed86313
2026fa03-d9ed-4264-aee9-50619e52363a	20000	22400	2400	20000	[{"id": "34b8dc44-75cc-4ba1-9fcf-f29bb0b2af91", "status": "in_progress", "loan_id": "2026fa03-d9ed-4264-aee9-50619e52363a", "due_date": "2026-01-10T14:34:48.572Z", "amount_due": 7466.67, "created_at": "2025-12-10T14:34:48.573Z", "updated_at": "2025-12-10T14:38:57.922Z", "paid_amount": 2400, "payment_ids": ["11ebf055-0419-4172-848b-2891c62bfcbc"], "remaining_amount": 5066.67, "installment_number": 1}, {"id": "b1ce68d8-344c-42c2-a690-04dcccd16d88", "status": "upcoming", "loan_id": "2026fa03-d9ed-4264-aee9-50619e52363a", "due_date": "2026-02-10T14:34:48.573Z", "amount_due": 7466.67, "created_at": "2025-12-10T14:34:48.573Z", "updated_at": "2025-12-10T14:34:48.573Z", "paid_amount": 0, "payment_ids": [], "remaining_amount": 7466.67, "installment_number": 2}, {"id": "ee8e3408-d063-43e8-a76c-224d64df17ca", "status": "upcoming", "loan_id": "2026fa03-d9ed-4264-aee9-50619e52363a", "due_date": "2026-03-10T14:34:48.573Z", "amount_due": 7466.66, "created_at": "2025-12-10T14:34:48.574Z", "updated_at": "2025-12-10T14:34:48.574Z", "paid_amount": 0, "payment_ids": [], "remaining_amount": 7466.66, "installment_number": 3}]	2026-03-10	accepted	active	2025-12-10 14:34:48.574+00	[{"id": "11ebf055-0419-4172-848b-2891c62bfcbc", "note": "", "loan_id": "2026fa03-d9ed-4264-aee9-50619e52363a", "created_at": "2025-12-10T14:38:57.918Z", "updated_at": "2025-12-10T14:38:57.918Z", "amount_paid": 2400, "new_balance": 20000, "recorded_by": "", "payment_date": "2025-12-27", "payment_method": "mpesa", "previous_balance": "22400"}]	2025-12-10 14:33:24.662794+00	2025-12-10 14:38:57.923+00	db00015c-c473-44b3-9964-914330aa1701	f95649a7-2900-4b73-b9e6-02254340c463	0d37dd3f-69d5-48c8-a8bb-42c52fad80b6
\.


--
-- Data for Name: member_contributions; Type: TABLE DATA; Schema: public; Owner: postgres
--

COPY "public"."member_contributions" ("id", "amount_paid", "balance", "status", "payment_date", "created_at", "updated_at", "contribution_id", "member_id", "contribution_history") FROM stdin;
24cc7538-89b4-4afe-a31e-b8bb4dd5c614	0	600	unpaid	\N	2025-12-09 23:01:04.082329+00	2025-12-09 23:01:04.082329+00	78baeaa9-dfec-4612-8d55-1bf02506101b	3b1f4b2e-25ae-415e-82f2-e125aed86313	[]
b7bfa8b5-d599-453a-87ec-16d95b8985b3	0	600	unpaid	\N	2025-12-09 23:01:04.082329+00	2025-12-09 23:01:04.082329+00	78baeaa9-dfec-4612-8d55-1bf02506101b	0bc6fb57-1e42-40ae-af9e-f3e81695437d	[]
7e2b417c-bc85-4a6d-987e-c6eb67e527d5	0	500	unpaid	\N	2025-12-10 14:48:20.074578+00	2025-12-10 14:48:20.074578+00	b9e13cab-593a-452e-b823-c337c53d4ec5	0d37dd3f-69d5-48c8-a8bb-42c52fad80b6	[]
08331226-6abb-4f3a-98e5-4a489bdc085e	300	200	partial	2025-12-10 00:00:00+00	2025-12-10 14:48:20.074578+00	2025-12-10 14:50:44.661692+00	b9e13cab-593a-452e-b823-c337c53d4ec5	f95649a7-2900-4b73-b9e6-02254340c463	[{"updated_at": "2025-12-10T14:50:43.627Z", "updated_by": "", "amount_paid": 300, "payment_date": "2025-12-10", "balance_after": 200}]
\.


--
-- Data for Name: migrations; Type: TABLE DATA; Schema: public; Owner: postgres
--

COPY "public"."migrations" ("id", "timestamp", "name") FROM stdin;
40	1749633596470	AddProfilesTable1749633596470
41	1750057645059	UpdatedProfilesTable1750057645059
42	1750087022055	CreateChamaTable1750087022055
43	1750447634356	CreateChamaProfilesTable1750447634356
44	1750849373168	CreateProfilePicture1750849373168
45	1751450280915	RemoveOnDeleteCascadeInChamasEntity1751450280915
46	1751878503890	CreateIncomeTable1751878503890
47	1751878647720	CreateInvestmentsTable1751878647720
48	1751878728619	CreateSavingsTable1751878728619
49	1752231957134	CreateContributionsTable1752231957134
50	1752231999396	CreateMemberContributionsTable1752231999396
51	1752306419826	CreateExpensesTable1752306419826
52	1752318250183	UpdateMemberContributionsTable1752318250183
53	1753706768921	CreateLoansTable1753706768921
54	1753706822980	CreateLoanRequestsTable1753706822980
55	1754053705752	CreateAiAgentConversations1754053705752
56	1754286317440	UpdateChamaEntity1754286317440
57	1754286800091	UpdateExpensesEntity1754286800091
58	1754286987218	UpdateContributionsEntity1754286987218
59	1754287160809	UpdateIncomeEntity1754287160809
60	1754287331357	UpdateInvestmentsEntity1754287331357
61	1754287476249	UpdateSavingsEntity1754287476249
62	1754288109526	UpdateLoanRequestEntity1754288109526
63	1754458874735	CreateSubscriptionsTable1754458874735
64	1755200911815	CreateNotificationsTable1755200911815
65	1755201000000	FixChamasIdDefault1755201000000
\.


--
-- Data for Name: notifications; Type: TABLE DATA; Schema: public; Owner: postgres
--

COPY "public"."notifications" ("id", "type", "title", "message", "is_read", "metadata", "action_url", "read_at", "created_at", "updated_at", "recipient_id", "triggered_by_id", "chama_id") FROM stdin;
7ef47223-6363-4369-91e2-1bde52f9eb18	SAVING_CREATED	New Saving Created	New saving "weekly" created with amount KSh 7,000	f	{"amount": 7000, "savingName": "weekly"}	\N	\N	2025-12-09 22:58:43.531546+00	2025-12-09 22:58:43.531546+00	0bc6fb57-1e42-40ae-af9e-f3e81695437d	3b1f4b2e-25ae-415e-82f2-e125aed86313	b67d3479-8cb0-4a7c-ac72-8c9086769cfb
97489117-5424-4a5c-8279-d10eab1cf800	CONTRIBUTION_CREATED	New Contribution	New contribution "health care" of KSh 600 has been created	f	{"amount": 600, "contributionId": "78baeaa9-dfec-4612-8d55-1bf02506101b", "contributionName": "health care"}	\N	\N	2025-12-09 23:01:05.273472+00	2025-12-09 23:01:05.273472+00	0bc6fb57-1e42-40ae-af9e-f3e81695437d	3b1f4b2e-25ae-415e-82f2-e125aed86313	b67d3479-8cb0-4a7c-ac72-8c9086769cfb
d765e352-3a27-4d85-a210-8504dafd59da	SAVING_CREATED	New Saving Created	New saving "monthly" created with amount KSh 500	f	{"amount": 500, "savingName": "monthly"}	\N	\N	2025-12-10 00:46:52.050809+00	2025-12-10 00:46:52.050809+00	26181be5-417e-4023-8442-27ac46ec9d93	3b1f4b2e-25ae-415e-82f2-e125aed86313	b67d3479-8cb0-4a7c-ac72-8c9086769cfb
0e2d2418-756b-4ce3-877e-c7211cd245a1	SAVING_CREATED	New Saving Created	New saving "weekly" created with amount KSh 7,000	t	{"amount": 7000, "savingName": "weekly"}	\N	2025-12-10 00:53:02.806+00	2025-12-09 22:58:44.216873+00	2025-12-10 00:53:02.8909+00	3b1f4b2e-25ae-415e-82f2-e125aed86313	3b1f4b2e-25ae-415e-82f2-e125aed86313	b67d3479-8cb0-4a7c-ac72-8c9086769cfb
a8c5b9cb-62d7-46f7-9e3c-627bedbef522	INVESTMENT_CREATED	New Investment	New investment "investment p1" worth KSh 5,000 has been added	t	{"amount": 5000, "investmentName": "investment p1"}	\N	2025-12-10 00:53:02.806+00	2025-12-09 22:59:35.037076+00	2025-12-10 00:53:02.8909+00	3b1f4b2e-25ae-415e-82f2-e125aed86313	3b1f4b2e-25ae-415e-82f2-e125aed86313	b67d3479-8cb0-4a7c-ac72-8c9086769cfb
c3b403e5-9a5f-4af9-b860-fbdbe9370657	INVESTMENT_UPDATED	Investment Updated	Investment "investment p4" has been updated	t	{"amount": "5000", "investmentName": "investment p4"}	\N	2025-12-10 00:53:02.806+00	2025-12-09 22:59:52.432474+00	2025-12-10 00:53:02.8909+00	3b1f4b2e-25ae-415e-82f2-e125aed86313	3b1f4b2e-25ae-415e-82f2-e125aed86313	b67d3479-8cb0-4a7c-ac72-8c9086769cfb
f17d13dd-4782-4f97-aff9-1192ea7dd2c4	INCOME_CREATED	New Income Recorded	New income "income v1" recorded: KSh 3,000	t	{"amount": 3000, "incomeName": "income v1"}	\N	2025-12-10 00:53:02.806+00	2025-12-09 23:00:24.590129+00	2025-12-10 00:53:02.8909+00	3b1f4b2e-25ae-415e-82f2-e125aed86313	3b1f4b2e-25ae-415e-82f2-e125aed86313	b67d3479-8cb0-4a7c-ac72-8c9086769cfb
ad443f06-74f9-4fb5-9717-7e698355a8e8	CONTRIBUTION_CREATED	New Contribution	New contribution "health care" of KSh 600 has been created	t	{"amount": 600, "contributionId": "78baeaa9-dfec-4612-8d55-1bf02506101b", "contributionName": "health care"}	\N	2025-12-10 00:53:02.806+00	2025-12-09 23:01:04.522711+00	2025-12-10 00:53:02.8909+00	3b1f4b2e-25ae-415e-82f2-e125aed86313	3b1f4b2e-25ae-415e-82f2-e125aed86313	b67d3479-8cb0-4a7c-ac72-8c9086769cfb
07b70872-70bc-4ab1-b3ae-69585e634107	LOAN_REQUESTED	Loan Request	Loan request for KSh 400,000 has been submitted	t	{"loanId": "970bd485-7548-4ad0-9496-3728a9c89dec", "loanName": "farmers loan", "loanAmount": 400000}	\N	2025-12-10 00:53:02.806+00	2025-12-09 23:02:19.685468+00	2025-12-10 00:53:02.8909+00	3b1f4b2e-25ae-415e-82f2-e125aed86313	3b1f4b2e-25ae-415e-82f2-e125aed86313	b67d3479-8cb0-4a7c-ac72-8c9086769cfb
e5f4bc55-da2a-4253-8a6f-adfa8eda0ba2	EXPENSE_CREATED	New Expense	New expense "furnitures" of KSh 50,000 has been recorded	t	{"amount": 50000, "expenseId": "809c36b4-668a-4350-96eb-daa84cf67d62", "expenseName": "furnitures"}	\N	2025-12-10 00:53:02.806+00	2025-12-09 23:04:48.983071+00	2025-12-10 00:53:02.8909+00	3b1f4b2e-25ae-415e-82f2-e125aed86313	3b1f4b2e-25ae-415e-82f2-e125aed86313	b67d3479-8cb0-4a7c-ac72-8c9086769cfb
e8aee6b7-cc85-4f14-870e-362cc870aa19	SAVING_CREATED	New Saving Created	New saving "monthly" created with amount KSh 500	t	{"amount": 500, "savingName": "monthly"}	\N	2025-12-10 00:53:02.806+00	2025-12-10 00:46:52.050534+00	2025-12-10 00:53:02.8909+00	3b1f4b2e-25ae-415e-82f2-e125aed86313	3b1f4b2e-25ae-415e-82f2-e125aed86313	b67d3479-8cb0-4a7c-ac72-8c9086769cfb
a9ca3541-3d26-4b41-bed1-a7c4f07b9009	SAVING_CREATED	New Saving Created	New saving "monthly" created with amount KSh 600,000,000	f	{"amount": 600000000, "savingName": "monthly"}	\N	\N	2025-12-10 01:03:20.995144+00	2025-12-10 01:03:20.995144+00	3b1f4b2e-25ae-415e-82f2-e125aed86313	3b1f4b2e-25ae-415e-82f2-e125aed86313	b67d3479-8cb0-4a7c-ac72-8c9086769cfb
7479ebff-1260-455a-bb0f-e9085770c134	LOAN_REQUESTED	Loan Request	Loan request for KSh 600,000 has been submitted	f	{"loanId": "56e6a539-09f3-4f66-b1fc-8a4a126483db", "loanName": "business enhancement", "loanAmount": 600000}	\N	\N	2025-12-10 12:37:05.57164+00	2025-12-10 12:37:05.57164+00	3b1f4b2e-25ae-415e-82f2-e125aed86313	3b1f4b2e-25ae-415e-82f2-e125aed86313	b67d3479-8cb0-4a7c-ac72-8c9086769cfb
dce21d93-b22e-4fcf-b55c-12017a10d0fd	LOAN_REQUESTED	Loan Request	Loan request for KSh 20,000 has been submitted	f	{"loanId": "db00015c-c473-44b3-9964-914330aa1701", "loanName": "school fees", "loanAmount": 20000}	\N	\N	2025-12-10 14:29:32.647197+00	2025-12-10 14:29:32.647197+00	0d37dd3f-69d5-48c8-a8bb-42c52fad80b6	0d37dd3f-69d5-48c8-a8bb-42c52fad80b6	5e0835fe-ef7c-4932-a76f-f515840ff7ef
ef9cdd73-ea9d-471c-9b61-2d26aa617992	EXPENSE_CREATED	New Expense	New expense "food" of KSh 10,000 has been recorded	f	{"amount": 10000, "expenseId": "9148a47a-ba11-47f4-9d77-9f30f7637cf5", "expenseName": "food"}	\N	\N	2025-12-10 14:44:32.231359+00	2025-12-10 14:44:32.231359+00	0d37dd3f-69d5-48c8-a8bb-42c52fad80b6	0d37dd3f-69d5-48c8-a8bb-42c52fad80b6	5e0835fe-ef7c-4932-a76f-f515840ff7ef
19d293df-87fd-4583-aa70-234464e16a6c	CONTRIBUTION_CREATED	New Contribution	New contribution "furnitures" of KSh 500 has been created	f	{"amount": 500, "contributionId": "b9e13cab-593a-452e-b823-c337c53d4ec5", "contributionName": "furnitures"}	\N	\N	2025-12-10 14:48:20.490164+00	2025-12-10 14:48:20.490164+00	0d37dd3f-69d5-48c8-a8bb-42c52fad80b6	0d37dd3f-69d5-48c8-a8bb-42c52fad80b6	5e0835fe-ef7c-4932-a76f-f515840ff7ef
eb0f936a-dc54-4941-92fc-c833ebecdafc	CONTRIBUTION_CREATED	New Contribution	New contribution "furnitures" of KSh 500 has been created	f	{"amount": 500, "contributionId": "b9e13cab-593a-452e-b823-c337c53d4ec5", "contributionName": "furnitures"}	\N	\N	2025-12-10 14:48:21.228124+00	2025-12-10 14:48:21.228124+00	f95649a7-2900-4b73-b9e6-02254340c463	0d37dd3f-69d5-48c8-a8bb-42c52fad80b6	5e0835fe-ef7c-4932-a76f-f515840ff7ef
2e37448f-11ea-4a0c-ac7c-d531068c8d57	SAVING_CREATED	New Saving Created	New saving "monthly" created with amount KSh 4,000	f	{"amount": 4000, "savingName": "monthly"}	\N	\N	2025-12-10 14:51:38.320205+00	2025-12-10 14:51:38.320205+00	f95649a7-2900-4b73-b9e6-02254340c463	0d37dd3f-69d5-48c8-a8bb-42c52fad80b6	5e0835fe-ef7c-4932-a76f-f515840ff7ef
deaf7501-683e-4bce-8a49-5fdb6a1c3276	SAVING_CREATED	New Saving Created	New saving "monthly" created with amount KSh 4,000	f	{"amount": 4000, "savingName": "monthly"}	\N	\N	2025-12-10 14:51:39.137298+00	2025-12-10 14:51:39.137298+00	0d37dd3f-69d5-48c8-a8bb-42c52fad80b6	0d37dd3f-69d5-48c8-a8bb-42c52fad80b6	5e0835fe-ef7c-4932-a76f-f515840ff7ef
\.


--
-- Data for Name: savings; Type: TABLE DATA; Schema: public; Owner: postgres
--

COPY "public"."savings" ("id", "amount", "date", "type", "created_at", "updated_at", "owner_id", "chama_id", "created_by_id") FROM stdin;
eb58403e-d2d0-49e1-bcc1-a2e4db036d4d	7000	2004-08-10 00:00:00+00	weekly	2025-12-09 22:58:42.801902+00	2025-12-09 22:58:42.801902+00	0bc6fb57-1e42-40ae-af9e-f3e81695437d	b67d3479-8cb0-4a7c-ac72-8c9086769cfb	3b1f4b2e-25ae-415e-82f2-e125aed86313
5b8b15ba-d3d9-495d-978d-2f8ca0490c45	500	2025-12-20 00:00:00+00	monthly	2025-12-10 00:46:51.232589+00	2025-12-10 00:46:51.232589+00	26181be5-417e-4023-8442-27ac46ec9d93	b67d3479-8cb0-4a7c-ac72-8c9086769cfb	3b1f4b2e-25ae-415e-82f2-e125aed86313
3ff11c3e-de42-4116-8d2c-599a0abab041	600000000	2025-12-27 00:00:00+00	monthly	2025-12-10 01:03:20.221668+00	2025-12-10 01:03:20.221668+00	3b1f4b2e-25ae-415e-82f2-e125aed86313	b67d3479-8cb0-4a7c-ac72-8c9086769cfb	3b1f4b2e-25ae-415e-82f2-e125aed86313
1a9f98f5-e652-4d3c-bef4-bfc0ebb0550f	4000	2025-12-10 00:00:00+00	monthly	2025-12-10 14:51:37.605008+00	2025-12-10 14:51:37.605008+00	f95649a7-2900-4b73-b9e6-02254340c463	5e0835fe-ef7c-4932-a76f-f515840ff7ef	0d37dd3f-69d5-48c8-a8bb-42c52fad80b6
\.


--
-- Data for Name: subscriptions; Type: TABLE DATA; Schema: public; Owner: postgres
--

COPY "public"."subscriptions" ("id", "plan_code", "plan_name", "plan_amount", "plan_interval", "plan_description", "reference", "channel", "last4", "brand", "bank", "exp_month", "exp_year", "customer_email", "customer_code", "status", "paid_at", "expires_at", "previous_subscription_id", "transition_type", "created_at", "updated_at", "chama_id") FROM stdin;
0033b790-196e-447e-997d-2e94557310a8	PLN_vvgk28m52jsyeui	Basic	1500	monthly	Ideal for growing Chamas | Everything in Free | Up to 30 members | Mobile money integration | Automated reminders | Advanced reporting | PDF/Excel exports | Priority email support | Transaction history	oelg5hy50j	card	4081	visa	TEST BANK	12	2030	collinsentrepreneur@gmail.com	CUS_etqo2rtxk97fzgf	active	2025-12-09 22:56:19+00	2026-01-09 22:56:19+00	\N	new	2025-12-09 22:56:25.073714+00	2025-12-09 22:56:25.073714+00	b67d3479-8cb0-4a7c-ac72-8c9086769cfb
\.


--
-- Data for Name: buckets; Type: TABLE DATA; Schema: storage; Owner: supabase_storage_admin
--

COPY "storage"."buckets" ("id", "name", "owner", "created_at", "updated_at", "public", "avif_autodetection", "file_size_limit", "allowed_mime_types", "owner_id", "type") FROM stdin;
chama-profile-pictures	chama-profile-pictures	\N	2025-12-09 22:44:30.216274+00	2025-12-09 22:44:30.216274+00	t	f	\N	\N	\N	STANDARD
user-profile-photos	user-profile-photos	\N	2025-12-10 00:23:37.954047+00	2025-12-10 00:23:37.954047+00	t	f	5242880	{image/jpeg,image/png,image/webp,image/gif}	\N	STANDARD
\.


--
-- Data for Name: buckets_analytics; Type: TABLE DATA; Schema: storage; Owner: supabase_storage_admin
--

COPY "storage"."buckets_analytics" ("name", "type", "format", "created_at", "updated_at", "id", "deleted_at") FROM stdin;
\.


--
-- Data for Name: buckets_vectors; Type: TABLE DATA; Schema: storage; Owner: supabase_storage_admin
--

COPY "storage"."buckets_vectors" ("id", "type", "created_at", "updated_at") FROM stdin;
\.


--
-- Data for Name: objects; Type: TABLE DATA; Schema: storage; Owner: supabase_storage_admin
--

COPY "storage"."objects" ("id", "bucket_id", "name", "owner", "created_at", "updated_at", "last_accessed_at", "metadata", "version", "owner_id", "user_metadata", "level") FROM stdin;
5a2a9917-4006-486f-906b-86c32fdde08f	chama-profile-pictures	chamas/masters/1765320466464-photo_2025-12-04_05-21-25.jpg	\N	2025-12-09 22:47:47.705194+00	2025-12-09 22:47:47.705194+00	2025-12-09 22:47:47.705194+00	{"eTag": "\\"8f2c561833b97eb7f692673076f4e523\\"", "size": 246334, "mimetype": "image/jpeg", "cacheControl": "max-age=3600", "lastModified": "2025-12-09T22:47:48.000Z", "contentLength": 246334, "httpStatusCode": 200}	68778342-3835-4bed-870f-4fcb1dee85ee	\N	{}	3
a24725b6-e491-4009-8544-70666cec47c8	chama-profile-pictures	chamas/masters/1765320500934-photo_2025-12-04_05-21-25.jpg	\N	2025-12-09 22:48:21.992813+00	2025-12-09 22:48:21.992813+00	2025-12-09 22:48:21.992813+00	{"eTag": "\\"8f2c561833b97eb7f692673076f4e523\\"", "size": 246334, "mimetype": "image/jpeg", "cacheControl": "max-age=3600", "lastModified": "2025-12-09T22:48:22.000Z", "contentLength": 246334, "httpStatusCode": 200}	508e0a24-869a-4016-a069-76dcb0caf3be	\N	{}	3
6aa073f6-1ec5-4994-900d-f31101a4731b	chama-profile-pictures	chamas/Masters chama/1765320799982-photo_2025-12-04_05-21-25.jpg	\N	2025-12-09 22:53:22.306158+00	2025-12-09 22:53:22.306158+00	2025-12-09 22:53:22.306158+00	{"eTag": "\\"8f2c561833b97eb7f692673076f4e523\\"", "size": 246334, "mimetype": "image/jpeg", "cacheControl": "max-age=3600", "lastModified": "2025-12-09T22:53:23.000Z", "contentLength": 246334, "httpStatusCode": 200}	7cdcddb9-6d61-49b0-9aeb-bc02900d52e6	\N	{}	3
c067bbdd-41ed-4955-9c8b-051789463ddc	user-profile-photos	profiles/441485d7-961d-4545-b137-3c4518d5852b/1765326216555-Screenshot 2025-11-21 at 09.32.02.png	\N	2025-12-10 00:23:39.235131+00	2025-12-10 00:23:39.235131+00	2025-12-10 00:23:39.235131+00	{"eTag": "\\"4e4a31c2b6055c46266d5befc2aeca74\\"", "size": 482355, "mimetype": "image/png", "cacheControl": "max-age=3600", "lastModified": "2025-12-10T00:23:40.000Z", "contentLength": 482355, "httpStatusCode": 200}	5df77ce0-b926-4149-b6e9-ec696adef70c	\N	{}	3
860387d8-6162-4265-95d3-5f735d7091c8	user-profile-photos	profiles/1123e807-3ddc-4f5b-b601-8ee9f138ae13/1765327681913-photo_2025-12-04_05-21-21.jpg	\N	2025-12-10 00:48:03.734735+00	2025-12-10 00:48:03.734735+00	2025-12-10 00:48:03.734735+00	{"eTag": "\\"534ea2d8e494c05ada91a78ffa106a09\\"", "size": 129426, "mimetype": "image/jpeg", "cacheControl": "max-age=3600", "lastModified": "2025-12-10T00:48:04.000Z", "contentLength": 129426, "httpStatusCode": 200}	0096b2db-262d-430d-8741-2a5a5ddffcf9	\N	{}	3
fef136e1-15ea-4f74-83b7-790179a29483	chama-profile-pictures	chamas/cedar/1765376168523-Screenshot 2025-11-21 at 09.32.02.png	\N	2025-12-10 14:16:11.761399+00	2025-12-10 14:16:11.761399+00	2025-12-10 14:16:11.761399+00	{"eTag": "\\"4e4a31c2b6055c46266d5befc2aeca74\\"", "size": 482355, "mimetype": "image/png", "cacheControl": "max-age=3600", "lastModified": "2025-12-10T14:16:12.000Z", "contentLength": 482355, "httpStatusCode": 200}	8e3b83a2-72fb-49d3-abc5-5d5c7ca42141	\N	{}	3
\.


--
-- Data for Name: prefixes; Type: TABLE DATA; Schema: storage; Owner: supabase_storage_admin
--

COPY "storage"."prefixes" ("bucket_id", "name", "created_at", "updated_at") FROM stdin;
chama-profile-pictures	chamas	2025-12-09 22:47:37.163161+00	2025-12-09 22:47:37.163161+00
chama-profile-pictures	chamas/masters	2025-12-09 22:47:37.163161+00	2025-12-09 22:47:37.163161+00
chama-profile-pictures	chamas/Masters chama	2025-12-09 22:53:22.306158+00	2025-12-09 22:53:22.306158+00
user-profile-photos	profiles	2025-12-10 00:23:39.235131+00	2025-12-10 00:23:39.235131+00
user-profile-photos	profiles/441485d7-961d-4545-b137-3c4518d5852b	2025-12-10 00:23:39.235131+00	2025-12-10 00:23:39.235131+00
user-profile-photos	profiles/1123e807-3ddc-4f5b-b601-8ee9f138ae13	2025-12-10 00:48:03.734735+00	2025-12-10 00:48:03.734735+00
chama-profile-pictures	chamas/cedar	2025-12-10 14:16:11.761399+00	2025-12-10 14:16:11.761399+00
\.


--
-- Data for Name: s3_multipart_uploads; Type: TABLE DATA; Schema: storage; Owner: supabase_storage_admin
--

COPY "storage"."s3_multipart_uploads" ("id", "in_progress_size", "upload_signature", "bucket_id", "key", "version", "owner_id", "created_at", "user_metadata") FROM stdin;
\.


--
-- Data for Name: s3_multipart_uploads_parts; Type: TABLE DATA; Schema: storage; Owner: supabase_storage_admin
--

COPY "storage"."s3_multipart_uploads_parts" ("id", "upload_id", "size", "part_number", "bucket_id", "key", "etag", "owner_id", "version", "created_at") FROM stdin;
\.


--
-- Data for Name: vector_indexes; Type: TABLE DATA; Schema: storage; Owner: supabase_storage_admin
--

COPY "storage"."vector_indexes" ("id", "name", "bucket_id", "data_type", "dimension", "distance_metric", "metadata_configuration", "created_at", "updated_at") FROM stdin;
\.


--
-- Name: refresh_tokens_id_seq; Type: SEQUENCE SET; Schema: auth; Owner: supabase_auth_admin
--

SELECT pg_catalog.setval('"auth"."refresh_tokens_id_seq"', 32, true);


--
-- Name: migrations_id_seq; Type: SEQUENCE SET; Schema: public; Owner: postgres
--

SELECT pg_catalog.setval('"public"."migrations_id_seq"', 65, true);


--
-- PostgreSQL database dump complete
--

-- \unrestrict h9qo0T6jVfdVG1ExyyXzmZ9ZWHuebgNZvyEp1BzdkMJ2bdqR0vzgebUUZDnShvf

RESET ALL;
